FreelanceID,StudentID,TrackName,JobDescribtion,Tool,Platform,Duration,Cost
1,1,PowerBI,Collaborate with stakeholders to identify key performance indicators for reporting,Tabular Editor,khamsat,15,24
2,2,PowerBI,Optimize Power BI reports for performance and responsiveness,Power Query,Upwork,10,324
3,2,PowerBI,Create interactive and dynamic reports to present complex data in a comprehensible manner,Power BI Desktop,Mostaqel,18,25
4,2,PowerBI,Ensure data accuracy and integrity while building Power BI solutions,Tabular Editor,Upwork,10,252
5,3,PowerBI,Optimize Power BI reports for performance and responsiveness,DAX,khamsat,18,293
6,5,PowerBI,Develop data models to support efficient querying and analysis in Power BI,Power Automate,khamsat,19,173
7,5,PowerBI,Design and implement Power BI dashboards for comprehensive business analytics,Tabular Editor,Mostaqel,12,48
8,6,PowerBI,Extract transform and load data from various sources into Power BI for analysis,Power Query,Mostaqel,5,54
9,7,PowerBI,Conduct regular data audits to maintain the quality and relevance of reports,SQL Server,Mostaqel,11,65
10,10,PowerBI,Ensure data accuracy and integrity while building Power BI solutions,Power BI Desktop,khamsat,6,115
11,11,PowerBI,Ensure data accuracy and integrity while building Power BI solutions,Power Query,khamsat,14,253
12,14,PowerBI,Conduct regular data audits to maintain the quality and relevance of reports,Power BI Desktop,Mostaqel,9,13
13,15,PowerBI,Develop data models to support efficient querying and analysis in Power BI,Power BI,khamsat,11,120
14,15,PowerBI,Ensure data accuracy and integrity while building Power BI solutions,Power Automate,Mostaqel,6,287
15,17,PowerBI,Optimize Power BI reports for performance and responsiveness,SQL Server,khamsat,6,206
16,19,PowerBI,Design and implement Power BI dashboards for comprehensive business analytics,Power BI Gateway,khamsat,9,281
17,19,PowerBI,Design and implement Power BI dashboards for comprehensive business analytics,SQL Server,Upwork,15,271
18,19,PowerBI,Ensure data accuracy and integrity while building Power BI solutions,Power BI Gateway,Upwork,6,150
19,20,PowerBI,Extract transform and load data from various sources into Power BI for analysis,DAX,Upwork,17,359
20,20,PowerBI,Collaborate with stakeholders to identify key performance indicators for reporting,Power BI,Mostaqel,10,385
21,22,PowerBI,Optimize Power BI reports for performance and responsiveness,M Query,Mostaqel,9,272
22,22,PowerBI,Design and implement Power BI dashboards for comprehensive business analytics,Power BI,Upwork,20,95
23,22,PowerBI,Conduct regular data audits to maintain the quality and relevance of reports,Power Automate,Mostaqel,19,252
24,23,PowerBI,Extract transform and load data from various sources into Power BI for analysis,Power BI Desktop,khamsat,7,343
25,23,PowerBI,Develop data models to support efficient querying and analysis in Power BI,Power BI Gateway,Upwork,8,169
26,24,PowerBI,Collaborate with stakeholders to identify key performance indicators for reporting,Tabular Editor,khamsat,5,46
27,24,PowerBI,Develop data models to support efficient querying and analysis in Power BI,Tabular Editor,Mostaqel,7,6
28,26,PowerBI,Provide training and support for end-users to maximize the utilization of Power BI,Power Query,khamsat,20,274
29,27,PowerBI,Create interactive and dynamic reports to present complex data in a comprehensible manner,Power Automate,Upwork,13,311
30,28,PowerBI,Collaborate with stakeholders to identify key performance indicators for reporting,Power Automate,Upwork,6,317
31,31,PowerBI,Design and implement Power BI dashboards for comprehensive business analytics,Tabular Editor,khamsat,6,54
32,32,PowerBI,Optimize Power BI reports for performance and responsiveness,M Query,Upwork,15,315
33,32,PowerBI,Ensure data accuracy and integrity while building Power BI solutions,Power Query,Mostaqel,13,357
34,32,PowerBI,Provide training and support for end-users to maximize the utilization of Power BI,Power BI Service,khamsat,16,110
35,33,PowerBI,Create interactive and dynamic reports to present complex data in a comprehensible manner,Power BI,Mostaqel,17,264
36,34,PowerBI,Create interactive and dynamic reports to present complex data in a comprehensible manner,Tabular Editor,Mostaqel,19,197
37,34,PowerBI,Develop data models to support efficient querying and analysis in Power BI,Power BI,Upwork,7,395
38,34,PowerBI,Develop data models to support efficient querying and analysis in Power BI,Power BI Service,khamsat,18,257
39,37,PowerBI,Collaborate with stakeholders to identify key performance indicators for reporting,Power Automate,Mostaqel,5,102
40,37,PowerBI,Design and implement Power BI dashboards for comprehensive business analytics,SQL Server,Mostaqel,10,265
41,42,PowerBI,Optimize Power BI reports for performance and responsiveness,Power BI,Upwork,7,97
42,42,PowerBI,Ensure data accuracy and integrity while building Power BI solutions,Tabular Editor,khamsat,11,228
43,44,PowerBI,Provide training and support for end-users to maximize the utilization of Power BI,SQL Server,Upwork,15,171
44,44,PowerBI,Extract transform and load data from various sources into Power BI for analysis,Power BI Service,Upwork,13,32
45,45,PowerBI,Conduct regular data audits to maintain the quality and relevance of reports,DAX,Upwork,12,207
46,45,PowerBI,Conduct regular data audits to maintain the quality and relevance of reports,Power BI Desktop,khamsat,12,157
47,47,PowerBI,Conduct regular data audits to maintain the quality and relevance of reports,DAX,Upwork,18,109
48,49,PowerBI,Ensure data accuracy and integrity while building Power BI solutions,Power BI Service,Upwork,7,392
49,51,PowerBI,Extract transform and load data from various sources into Power BI for analysis,DAX,Upwork,9,77
50,53,PowerBI,Collaborate with stakeholders to identify key performance indicators for reporting,Power BI Service,khamsat,15,261
51,53,PowerBI,Ensure data accuracy and integrity while building Power BI solutions,Power BI,Upwork,19,349
52,54,PowerBI,Ensure data accuracy and integrity while building Power BI solutions,Power BI Service,Mostaqel,6,105
53,55,PowerBI,Provide training and support for end-users to maximize the utilization of Power BI,Power BI Service,Upwork,7,258
54,55,PowerBI,Provide training and support for end-users to maximize the utilization of Power BI,Power BI,Mostaqel,15,25
55,55,PowerBI,Extract transform and load data from various sources into Power BI for analysis,SQL Server,Mostaqel,6,312
56,58,PowerBI,Ensure data accuracy and integrity while building Power BI solutions,Power BI Service,Mostaqel,6,149
57,59,PowerBI,Optimize Power BI reports for performance and responsiveness,Power BI Gateway,khamsat,12,31
58,60,PowerBI,Ensure data accuracy and integrity while building Power BI solutions,Tabular Editor,Upwork,5,64
59,63,PowerBI,Extract transform and load data from various sources into Power BI for analysis,DAX,Upwork,13,47
60,63,PowerBI,Conduct regular data audits to maintain the quality and relevance of reports,DAX,Upwork,13,94
61,63,PowerBI,Design and implement Power BI dashboards for comprehensive business analytics,Power Query,Upwork,11,179
62,63,PowerBI,Create interactive and dynamic reports to present complex data in a comprehensible manner,Power BI Gateway,khamsat,19,125
63,65,PowerBI,Conduct regular data audits to maintain the quality and relevance of reports,Power BI Desktop,Upwork,19,329
64,65,PowerBI,Create interactive and dynamic reports to present complex data in a comprehensible manner,Power Automate,Upwork,18,22
65,67,PowerBI,Create interactive and dynamic reports to present complex data in a comprehensible manner,Power Query,Mostaqel,11,232
66,68,PowerBI,Extract transform and load data from various sources into Power BI for analysis,Power Query,Upwork,12,166
67,69,PowerBI,Optimize Power BI reports for performance and responsiveness,SQL Server,Upwork,10,147
68,70,PowerBI,Design and implement Power BI dashboards for comprehensive business analytics,Power BI Gateway,Upwork,8,18
69,70,PowerBI,Provide training and support for end-users to maximize the utilization of Power BI,Tabular Editor,Upwork,17,40
70,70,PowerBI,Extract transform and load data from various sources into Power BI for analysis,Tabular Editor,Upwork,14,258
71,70,PowerBI,Provide training and support for end-users to maximize the utilization of Power BI,Power Automate,Upwork,14,112
72,72,PowerBI,Create interactive and dynamic reports to present complex data in a comprehensible manner,M Query,khamsat,17,85
73,73,PowerBI,Collaborate with stakeholders to identify key performance indicators for reporting,Tabular Editor,khamsat,16,84
74,74,PowerBI,Optimize Power BI reports for performance and responsiveness,Power Query,Mostaqel,5,132
75,75,PowerBI,Extract transform and load data from various sources into Power BI for analysis,M Query,Upwork,8,96
76,76,PowerBI,Extract transform and load data from various sources into Power BI for analysis,Power Query,Mostaqel,15,266
77,76,PowerBI,Create interactive and dynamic reports to present complex data in a comprehensible manner,Power BI Gateway,khamsat,5,160
78,77,PowerBI,Design and implement Power BI dashboards for comprehensive business analytics,Power BI Desktop,Mostaqel,12,70
79,78,PowerBI,Create interactive and dynamic reports to present complex data in a comprehensible manner,Power BI Service,khamsat,6,383
80,79,PowerBI,Ensure data accuracy and integrity while building Power BI solutions,Power BI,Mostaqel,20,141
81,80,PowerBI,Design and implement Power BI dashboards for comprehensive business analytics,M Query,khamsat,6,298
82,81,PowerBI,Extract transform and load data from various sources into Power BI for analysis,DAX,Mostaqel,17,41
83,81,PowerBI,Collaborate with stakeholders to identify key performance indicators for reporting,Power BI Service,Mostaqel,12,35
84,84,PowerBI,Collaborate with stakeholders to identify key performance indicators for reporting,SQL Server,Upwork,5,297
85,84,PowerBI,Develop data models to support efficient querying and analysis in Power BI,Power Automate,khamsat,12,59
86,85,PowerBI,Design and implement Power BI dashboards for comprehensive business analytics,Power Automate,Mostaqel,18,6
87,86,PowerBI,Create interactive and dynamic reports to present complex data in a comprehensible manner,Power BI Gateway,khamsat,15,115
88,86,PowerBI,Create interactive and dynamic reports to present complex data in a comprehensible manner,Tabular Editor,Mostaqel,15,382
89,88,PowerBI,Design and implement Power BI dashboards for comprehensive business analytics,Power BI Service,khamsat,12,371
90,88,PowerBI,Collaborate with stakeholders to identify key performance indicators for reporting,SQL Server,Mostaqel,8,156
91,89,PowerBI,Provide training and support for end-users to maximize the utilization of Power BI,Power BI Gateway,Upwork,19,378
92,91,PowerBI,Conduct regular data audits to maintain the quality and relevance of reports,Power Query,Mostaqel,9,271
93,93,PowerBI,Provide training and support for end-users to maximize the utilization of Power BI,SQL Server,khamsat,17,16
94,95,PowerBI,Design and implement Power BI dashboards for comprehensive business analytics,Power BI Desktop,Upwork,19,190
95,96,PowerBI,Optimize Power BI reports for performance and responsiveness,Power BI Desktop,Mostaqel,9,279
96,99,PowerBI,Design and implement Power BI dashboards for comprehensive business analytics,Power BI Service,Mostaqel,9,229
97,99,PowerBI,Collaborate with stakeholders to identify key performance indicators for reporting,Power BI Gateway,Upwork,10,130
98,99,PowerBI,Ensure data accuracy and integrity while building Power BI solutions,DAX,Mostaqel,14,301
99,100,PowerBI,Extract transform and load data from various sources into Power BI for analysis,Power Query,Upwork,5,126
100,100,PowerBI,Optimize Power BI reports for performance and responsiveness,M Query,khamsat,16,7
156,101,Interior Design,Ensure designs comply with building codes regulations,RoomSketcher,Upwork,7,114
206,101,Interior Design,Develop detailed design plans including layouts and color schemes,Design Milk,Upwork,20,346
175,102,Interior Design,Source and select furniture fixtures and materials to enhance interior spaces,AutoCAD,khamsat,18,169
130,103,Interior Design,Ensure designs comply with building codes regulations,Blender,Mostaqel,16,29
137,104,Interior Design,Stay updated on current interior design trends and industry innovations,AutoCAD,khamsat,8,101
174,105,Interior Design,Coordinate with contractors and vendors for seamless project execution,SketchUp,Upwork,8,171
200,105,Interior Design,Ensure designs comply with building codes regulations,RoomSketcher,khamsat,9,154
115,107,Interior Design,and safety standards,Procore,khamsat,15,211
124,107,Interior Design,Source and select furniture fixtures and materials to enhance interior spaces,RoomSketcher,Upwork,15,258
162,108,Interior Design,Develop detailed design plans including layouts and color schemes,Design Milk,Upwork,19,101
238,108,Interior Design,ollaborate with clients to understand their preferences needs and lifestyle,Revit,Mostaqel,12,78
117,110,Interior Design,Provide expertise in space planning and optimization for various environments,Revit,khamsat,19,34
188,110,Interior Design,ollaborate with clients to understand their preferences needs and lifestyle,Trello,Mostaqel,10,44
228,110,Interior Design,ollaborate with clients to understand their preferences needs and lifestyle,Trello,khamsat,19,119
143,112,Interior Design,Provide expertise in space planning and optimization for various environments,Procore,khamsat,19,101
148,112,Interior Design,and safety standards,Blender,khamsat,20,380
223,112,Interior Design,and safety standards,Pinterest,khamsat,19,161
185,113,Interior Design,Manage and oversee interior design projects from concept to completion,SketchUp,Upwork,17,398
147,115,Interior Design,and safety standards,Pinterest,Upwork,12,284
196,115,Interior Design,Utilize 3D rendering tools to present design concepts to clients,Blender,Upwork,8,290
209,116,Interior Design,and safety standards,Blender,Upwork,12,188
240,116,Interior Design,Coordinate with contractors and vendors for seamless project execution,Procore,Mostaqel,19,92
102,117,Interior Design,Stay updated on current interior design trends and industry innovations,Procore,khamsat,11,255
129,118,Interior Design,Stay updated on current interior design trends and industry innovations,Procore,Mostaqel,19,262
208,118,Interior Design,Source and select furniture fixtures and materials to enhance interior spaces,AutoCAD,Upwork,7,182
163,120,Interior Design,Stay updated on current interior design trends and industry innovations,Revit,Upwork,10,232
249,121,Interior Design,Utilize 3D rendering tools to present design concepts to clients,SketchUp,Upwork,7,395
123,122,Interior Design,Manage and oversee interior design projects from concept to completion,SketchUp,Upwork,13,67
101,123,Interior Design,Develop detailed design plans including layouts and color schemes,Houzz,khamsat,6,202
144,123,Interior Design,Provide expertise in space planning and optimization for various environments,Pinterest,khamsat,18,297
105,124,Interior Design,Develop detailed design plans including layouts and color schemes,Trello,khamsat,16,170
187,132,Interior Design,Coordinate with contractors and vendors for seamless project execution,Blender,khamsat,6,225
189,132,Interior Design,Develop detailed design plans including layouts and color schemes,AutoCAD,Upwork,5,392
207,133,Interior Design,ollaborate with clients to understand their preferences needs and lifestyle,Pinterest,Mostaqel,13,290
125,134,Interior Design,Utilize 3D rendering tools to present design concepts to clients,RoomSketcher,Mostaqel,7,225
108,138,Interior Design,Stay updated on current interior design trends and industry innovations,Pinterest,khamsat,11,389
146,138,Interior Design,ollaborate with clients to understand their preferences needs and lifestyle,Procore,Mostaqel,19,5
134,139,Interior Design,Develop detailed design plans including layouts and color schemes,Pinterest,Mostaqel,10,146
110,140,Interior Design,Provide expertise in space planning and optimization for various environments,Trello,khamsat,11,92
180,141,Interior Design,Stay updated on current interior design trends and industry innovations,Revit,khamsat,7,349
221,141,Interior Design,Ensure designs comply with building codes regulations,RoomSketcher,khamsat,6,377
160,143,Interior Design,ollaborate with clients to understand their preferences needs and lifestyle,Procore,khamsat,16,165
140,144,Interior Design,Stay updated on current interior design trends and industry innovations,AutoCAD,khamsat,14,135
153,144,Interior Design,Develop detailed design plans including layouts and color schemes,SketchUp,khamsat,12,168
204,144,Interior Design,Provide expertise in space planning and optimization for various environments,Procore,khamsat,11,50
211,145,Interior Design,Provide expertise in space planning and optimization for various environments,Trello,khamsat,8,237
231,145,Interior Design,Utilize 3D rendering tools to present design concepts to clients,Pinterest,Upwork,20,342
112,147,Interior Design,Utilize 3D rendering tools to present design concepts to clients,AutoCAD,Upwork,16,132
118,147,Interior Design,Utilize 3D rendering tools to present design concepts to clients,Houzz,Upwork,15,382
173,147,Interior Design,ollaborate with clients to understand their preferences needs and lifestyle,Design Milk,Mostaqel,8,90
224,149,Interior Design,Source and select furniture fixtures and materials to enhance interior spaces,Design Milk,Mostaqel,7,353
103,150,Interior Design,Utilize 3D rendering tools to present design concepts to clients,Pinterest,khamsat,19,126
127,150,Interior Design,Source and select furniture fixtures and materials to enhance interior spaces,Design Milk,Mostaqel,5,394
116,151,Interior Design,Ensure designs comply with building codes regulations,Procore,Mostaqel,20,304
138,151,Interior Design,Manage and oversee interior design projects from concept to completion,Procore,Mostaqel,15,398
107,154,Interior Design,Utilize 3D rendering tools to present design concepts to clients,Blender,Mostaqel,20,59
133,154,Interior Design,Manage and oversee interior design projects from concept to completion,RoomSketcher,Mostaqel,5,232
194,155,Interior Design,Source and select furniture fixtures and materials to enhance interior spaces,Houzz,khamsat,15,53
164,156,Interior Design,Provide expertise in space planning and optimization for various environments,Revit,khamsat,6,211
237,156,Interior Design,Ensure designs comply with building codes regulations,Pinterest,Upwork,17,351
242,156,Interior Design,Stay updated on current interior design trends and industry innovations,Design Milk,Mostaqel,7,109
151,158,Interior Design,and safety standards,AutoCAD,Mostaqel,5,376
171,158,Interior Design,Provide expertise in space planning and optimization for various environments,Trello,Upwork,19,166
152,159,Interior Design,Develop detailed design plans including layouts and color schemes,Design Milk,khamsat,13,242
157,159,Interior Design,ollaborate with clients to understand their preferences needs and lifestyle,Design Milk,Upwork,15,216
212,159,Interior Design,Source and select furniture fixtures and materials to enhance interior spaces,Blender,khamsat,13,34
170,163,Interior Design,Coordinate with contractors and vendors for seamless project execution,Houzz,Upwork,20,127
243,163,Interior Design,Ensure designs comply with building codes regulations,Blender,Mostaqel,18,120
218,167,Interior Design,Develop detailed design plans including layouts and color schemes,SketchUp,Mostaqel,10,180
232,168,Interior Design,ollaborate with clients to understand their preferences needs and lifestyle,Pinterest,Mostaqel,8,25
168,169,Interior Design,and safety standards,Houzz,Mostaqel,20,286
236,169,Interior Design,Ensure designs comply with building codes regulations,SketchUp,Mostaqel,16,275
248,169,Interior Design,Ensure designs comply with building codes regulations,Pinterest,Upwork,20,271
109,170,Interior Design,and safety standards,Pinterest,khamsat,5,321
121,173,Interior Design,Develop detailed design plans including layouts and color schemes,RoomSketcher,Mostaqel,8,214
245,173,Interior Design,and safety standards,Blender,Upwork,17,354
119,174,Interior Design,Utilize 3D rendering tools to present design concepts to clients,Houzz,Upwork,12,258
106,176,Interior Design,Develop detailed design plans including layouts and color schemes,Design Milk,khamsat,20,272
113,176,Interior Design,Stay updated on current interior design trends and industry innovations,Pinterest,Upwork,18,307
178,176,Interior Design,Stay updated on current interior design trends and industry innovations,Design Milk,Upwork,12,348
169,177,Interior Design,Utilize 3D rendering tools to present design concepts to clients,AutoCAD,khamsat,13,102
216,177,Interior Design,Utilize 3D rendering tools to present design concepts to clients,RoomSketcher,khamsat,20,381
222,177,Interior Design,Stay updated on current interior design trends and industry innovations,AutoCAD,khamsat,7,374
234,179,Interior Design,Coordinate with contractors and vendors for seamless project execution,Design Milk,Upwork,16,314
202,181,Interior Design,Ensure designs comply with building codes regulations,Pinterest,Mostaqel,14,75
128,182,Interior Design,Stay updated on current interior design trends and industry innovations,SketchUp,khamsat,13,6
181,182,Interior Design,Provide expertise in space planning and optimization for various environments,SketchUp,khamsat,19,371
220,182,Interior Design,Coordinate with contractors and vendors for seamless project execution,Pinterest,Upwork,17,367
111,184,Interior Design,Ensure designs comply with building codes regulations,Houzz,Mostaqel,6,322
161,187,Interior Design,Stay updated on current interior design trends and industry innovations,Houzz,khamsat,18,318
166,187,Interior Design,Provide expertise in space planning and optimization for various environments,Design Milk,Mostaqel,17,117
135,188,Interior Design,Develop detailed design plans including layouts and color schemes,Pinterest,Upwork,16,158
192,189,Interior Design,Stay updated on current interior design trends and industry innovations,Houzz,khamsat,10,361
132,190,Interior Design,Utilize 3D rendering tools to present design concepts to clients,Trello,khamsat,15,56
226,190,Interior Design,ollaborate with clients to understand their preferences needs and lifestyle,Revit,Upwork,18,359
139,191,Interior Design,Manage and oversee interior design projects from concept to completion,Revit,Mostaqel,19,239
217,191,Interior Design,Utilize 3D rendering tools to present design concepts to clients,Houzz,Mostaqel,13,343
183,193,Interior Design,Provide expertise in space planning and optimization for various environments,SketchUp,Upwork,9,347
210,194,Interior Design,and safety standards,Blender,khamsat,20,88
233,194,Interior Design,ollaborate with clients to understand their preferences needs and lifestyle,Design Milk,Mostaqel,14,26
219,196,Interior Design,Develop detailed design plans including layouts and color schemes,Houzz,khamsat,16,224
244,199,Interior Design,Coordinate with contractors and vendors for seamless project execution,Procore,Mostaqel,13,108
239,200,Interior Design,Ensure designs comply with building codes regulations,Trello,khamsat,17,220
184,201,Interior Design,Stay updated on current interior design trends and industry innovations,AutoCAD,khamsat,12,393
154,202,Interior Design,Utilize 3D rendering tools to present design concepts to clients,RoomSketcher,Mostaqel,5,231
155,202,Interior Design,and safety standards,AutoCAD,Upwork,9,331
158,202,Interior Design,ollaborate with clients to understand their preferences needs and lifestyle,Trello,Mostaqel,10,300
195,207,Interior Design,Coordinate with contractors and vendors for seamless project execution,Procore,khamsat,17,57
122,208,Interior Design,Utilize 3D rendering tools to present design concepts to clients,Houzz,Upwork,13,109
150,209,Interior Design,Ensure designs comply with building codes regulations,Houzz,khamsat,17,101
193,210,Interior Design,and safety standards,AutoCAD,Upwork,7,367
126,213,Interior Design,Manage and oversee interior design projects from concept to completion,Pinterest,khamsat,15,171
246,213,Interior Design,Source and select furniture fixtures and materials to enhance interior spaces,AutoCAD,khamsat,20,266
230,214,Interior Design,Utilize 3D rendering tools to present design concepts to clients,Pinterest,Upwork,16,181
145,215,Interior Design,ollaborate with clients to understand their preferences needs and lifestyle,Design Milk,khamsat,12,33
247,215,Interior Design,Utilize 3D rendering tools to present design concepts to clients,SketchUp,khamsat,5,54
114,217,Interior Design,Ensure designs comply with building codes regulations,Houzz,khamsat,11,126
159,217,Interior Design,Coordinate with contractors and vendors for seamless project execution,AutoCAD,Upwork,16,168
201,219,Interior Design,Coordinate with contractors and vendors for seamless project execution,Design Milk,khamsat,9,129
149,221,Interior Design,ollaborate with clients to understand their preferences needs and lifestyle,AutoCAD,khamsat,9,161
172,221,Interior Design,Utilize 3D rendering tools to present design concepts to clients,Trello,khamsat,7,290
120,222,Interior Design,Source and select furniture fixtures and materials to enhance interior spaces,Blender,khamsat,8,126
136,222,Interior Design,Provide expertise in space planning and optimization for various environments,Trello,Mostaqel,10,150
198,222,Interior Design,and safety standards,Design Milk,khamsat,8,258
177,225,Interior Design,Coordinate with contractors and vendors for seamless project execution,RoomSketcher,Mostaqel,9,254
203,225,Interior Design,and safety standards,Procore,Mostaqel,19,348
179,226,Interior Design,Ensure designs comply with building codes regulations,SketchUp,Upwork,13,253
190,227,Interior Design,Utilize 3D rendering tools to present design concepts to clients,Procore,khamsat,15,383
131,228,Interior Design,Stay updated on current interior design trends and industry innovations,Revit,khamsat,17,335
182,229,Interior Design,Ensure designs comply with building codes regulations,Revit,khamsat,15,46
141,230,Interior Design,Ensure designs comply with building codes regulations,SketchUp,khamsat,10,152
205,230,Interior Design,Manage and oversee interior design projects from concept to completion,SketchUp,Mostaqel,15,243
167,231,Interior Design,Stay updated on current interior design trends and industry innovations,Houzz,khamsat,14,263
186,233,Interior Design,Develop detailed design plans including layouts and color schemes,Revit,khamsat,13,296
176,235,Interior Design,Utilize 3D rendering tools to present design concepts to clients,SketchUp,Upwork,15,280
215,236,Interior Design,Manage and oversee interior design projects from concept to completion,Pinterest,khamsat,20,76
241,236,Interior Design,and safety standards,AutoCAD,Mostaqel,8,72
142,238,Interior Design,Coordinate with contractors and vendors for seamless project execution,Houzz,Mostaqel,5,62
199,239,Interior Design,Source and select furniture fixtures and materials to enhance interior spaces,SketchUp,Mostaqel,8,343
229,239,Interior Design,Stay updated on current interior design trends and industry innovations,Blender,Upwork,10,131
197,241,Interior Design,Ensure designs comply with building codes regulations,Design Milk,khamsat,7,357
227,241,Interior Design,Coordinate with contractors and vendors for seamless project execution,Pinterest,Upwork,9,111
213,242,Interior Design,Manage and oversee interior design projects from concept to completion,Blender,Mostaqel,12,247
214,242,Interior Design,Manage and oversee interior design projects from concept to completion,AutoCAD,khamsat,14,296
235,242,Interior Design,ollaborate with clients to understand their preferences needs and lifestyle,AutoCAD,Mostaqel,7,233
104,243,Interior Design,Coordinate with contractors and vendors for seamless project execution,RoomSketcher,khamsat,18,240
165,245,Interior Design,Manage and oversee interior design projects from concept to completion,Design Milk,khamsat,20,379
225,245,Interior Design,ollaborate with clients to understand their preferences needs and lifestyle,Blender,Mostaqel,10,323
191,249,Interior Design,Coordinate with contractors and vendors for seamless project execution,Blender,khamsat,17,66
250,250,Interior Design,Utilize 3D rendering tools to present design concepts to clients,Procore,khamsat,8,363
264,251,Cyber Security Associate,Stay informed about the latest cybersecurity threats and technologies,SIEM,khamsat,11,265
270,251,Cyber Security Associate,Stay informed about the latest cybersecurity threats and technologies,Splunk,Mostaqel,15,179
289,251,Cyber Security Associate,Assist in the development and implementation of incident response plans,SIEM,Mostaqel,10,81
253,252,Cyber Security Associate,Collaborate with IT teams to implement and maintain security policies and procedures,Nessus,Mostaqel,9,53
285,252,Cyber Security Associate,Respond to and investigate security incidents to prevent future occurrences,Nessus,khamsat,18,326
288,252,Cyber Security Associate,Perform regular security audits and ensure compliance with industry standards,GRC tools,Mostaqel,10,395
263,253,Cyber Security Associate,Collaborate with vendors and third-party partners to assess and improve overall cybersecurity posture,Qualys,khamsat,13,97
275,254,Cyber Security Associate,Collaborate with vendors and third-party partners to assess and improve overall cybersecurity posture,Nessus,khamsat,9,186
268,257,Cyber Security Associate,Assist in the development and implementation of incident response plans,Nessus,Upwork,15,27
281,257,Cyber Security Associate,Implement and manage security measures to protect information systems and networks,CyberArk,Upwork,10,43
292,257,Cyber Security Associate,Stay informed about the latest cybersecurity threats and technologies,Splunk,Upwork,16,156
265,261,Cyber Security Associate,Collaborate with IT teams to implement and maintain security policies and procedures,CyberArk,Upwork,19,308
280,261,Cyber Security Associate,Collaborate with IT teams to implement and maintain security policies and procedures,KnowBe4,khamsat,13,85
287,262,Cyber Security Associate,Collaborate with IT teams to implement and maintain security policies and procedures,Forensic tools,khamsat,9,326
254,263,Cyber Security Associate,Perform regular security audits and ensure compliance with industry standards,SIEM,Upwork,6,380
272,264,Cyber Security Associate,Collaborate with IT teams to implement and maintain security policies and procedures,Splunk,Mostaqel,17,310
284,264,Cyber Security Associate,Stay informed about the latest cybersecurity threats and technologies,RiskWatch,Upwork,6,276
267,266,Cyber Security Associate,Implement and manage security measures to protect information systems and networks,RiskWatch,khamsat,5,272
274,266,Cyber Security Associate,Stay informed about the latest cybersecurity threats and technologies,KnowBe4,khamsat,17,129
291,266,Cyber Security Associate,Collaborate with vendors and third-party partners to assess and improve overall cybersecurity posture,CyberArk,Upwork,10,280
266,267,Cyber Security Associate,Monitor and analyze security alerts to respond promptly to potential threats,SIEM,khamsat,19,355
297,270,Cyber Security Associate,Monitor and analyze security alerts to respond promptly to potential threats,CyberArk,Mostaqel,11,263
251,271,Cyber Security Associate,Assist in the development and implementation of incident response plans,SIEM,Upwork,10,257
255,271,Cyber Security Associate,Conduct security awareness training for employees to mitigate human-related risks,RiskWatch,khamsat,18,256
262,272,Cyber Security Associate,Monitor and analyze security alerts to respond promptly to potential threats,RiskWatch,khamsat,16,6
257,275,Cyber Security Associate,Collaborate with IT teams to implement and maintain security policies and procedures,Threat Intelligence platforms,Upwork,7,355
273,275,Cyber Security Associate,Respond to and investigate security incidents to prevent future occurrences,Splunk,Upwork,11,229
295,275,Cyber Security Associate,Respond to and investigate security incidents to prevent future occurrences,CyberArk,khamsat,15,113
283,276,Cyber Security Associate,Perform regular security audits and ensure compliance with industry standards,RiskWatch,khamsat,17,383
294,277,Cyber Security Associate,Perform regular security audits and ensure compliance with industry standards,SIEM,Upwork,7,112
290,280,Cyber Security Associate,Collaborate with IT teams to implement and maintain security policies and procedures,Threat Intelligence platforms,Mostaqel,10,20
293,282,Cyber Security Associate,Conduct security awareness training for employees to mitigate human-related risks,GRC tools,Mostaqel,17,257
298,282,Cyber Security Associate,Implement and manage security measures to protect information systems and networks,Qualys,khamsat,7,350
299,284,Cyber Security Associate,Implement and manage security measures to protect information systems and networks,Qualys,Upwork,13,186
276,286,Cyber Security Associate,Monitor and analyze security alerts to respond promptly to potential threats,RiskWatch,khamsat,7,384
278,287,Cyber Security Associate,Conduct security awareness training for employees to mitigate human-related risks,Qualys,Mostaqel,8,261
252,288,Cyber Security Associate,Collaborate with vendors and third-party partners to assess and improve overall cybersecurity posture,SIEM,khamsat,8,127
256,288,Cyber Security Associate,Collaborate with IT teams to implement and maintain security policies and procedures,KnowBe4,Mostaqel,5,378
258,289,Cyber Security Associate,Collaborate with IT teams to implement and maintain security policies and procedures,CyberArk,khamsat,13,187
279,289,Cyber Security Associate,Conduct security awareness training for employees to mitigate human-related risks,Splunk,khamsat,13,377
296,289,Cyber Security Associate,Collaborate with vendors and third-party partners to assess and improve overall cybersecurity posture,RiskWatch,Mostaqel,8,185
286,290,Cyber Security Associate,Collaborate with IT teams to implement and maintain security policies and procedures,Splunk,Mostaqel,10,91
269,292,Cyber Security Associate,Respond to and investigate security incidents to prevent future occurrences,Threat Intelligence platforms,Upwork,10,183
277,293,Cyber Security Associate,Assist in the development and implementation of incident response plans,CyberArk,Upwork,8,156
282,294,Cyber Security Associate,Implement and manage security measures to protect information systems and networks,Threat Intelligence platforms,Upwork,13,264
259,296,Cyber Security Associate,Collaborate with vendors and third-party partners to assess and improve overall cybersecurity posture,CyberArk,Mostaqel,16,211
261,296,Cyber Security Associate,Stay informed about the latest cybersecurity threats and technologies,Qualys,Upwork,15,104
260,298,Cyber Security Associate,Conduct security awareness training for employees to mitigate human-related risks,RiskWatch,Mostaqel,19,174
300,298,Cyber Security Associate,Collaborate with IT teams to implement and maintain security policies and procedures,CyberArk,Mostaqel,20,391
271,299,Cyber Security Associate,Conduct security awareness training for employees to mitigate human-related risks,SIEM,Upwork,8,332
308,301,Full Stack,Develop scalable and maintainable database structures for efficient data management,Threat Intelligence platforms,khamsat,18,40
319,303,Full Stack,Design and implement user authentication and authorization systems,React.js,Upwork,11,14
304,315,Full Stack,Ensure code quality and conduct regular code reviews for best practices adherence,MongoDB,Upwork,23,496
332,332,Full Stack,Develop scalable and maintainable database structures for efficient data management,MongoDB,khamsat,21,217
303,339,Full Stack,Ensure code quality and conduct regular code reviews for best practices adherence,Express.js,Upwork,13,227
318,340,Full Stack,Implement RESTful APIs and integrate them seamlessly with frontend interfaces,KnowBe4,Upwork,13,207
321,340,Full Stack,Implement RESTful APIs and integrate them seamlessly with frontend interfaces,Git,Mostaqel,14,296
311,358,Full Stack,Ensure code quality and conduct regular code reviews for best practices adherence,VSCode,Upwork,10,255
312,366,Full Stack,Design and implement user authentication and authorization systems,Passport.js,Mostaqel,17,87
348,367,Full Stack,Ensure code quality and conduct regular code reviews for best practices adherence,ESLint,Upwork,14,295
342,376,Full Stack,Continuously update and improve application features based on user feedback and market trends,Passport.js,Upwork,19,212
346,384,Full Stack,Collaborate with cross-functional teams to deliver full-stack solutions aligned with project goals,Express.js,Upwork,21,74
341,386,Full Stack,Develop scalable and maintainable database structures for efficient data management,Git,khamsat,14,83
315,388,Full Stack,Implement responsive designs for seamless user experiences on various devices,Agile,Upwork,25,191
336,401,Full Stack,Optimize application performance and troubleshoot issues across the entire stack,KnowBe4,Mostaqel,12,356
326,404,Full Stack,Implement RESTful APIs and integrate them seamlessly with frontend interfaces,KnowBe4,khamsat,26,342
337,407,Full Stack,Implement responsive designs for seamless user experiences on various devices,Express.js,khamsat,23,238
322,410,Full Stack,Implement responsive designs for seamless user experiences on various devices,RiskWatch,khamsat,10,316
349,430,Full Stack,Implement RESTful APIs and integrate them seamlessly with frontend interfaces,VSCode,Upwork,10,418
327,432,Full Stack,Design and implement user authentication and authorization systems,Forensic tools,khamsat,19,274
329,436,Full Stack,Implement responsive designs for seamless user experiences on various devices,Bootstrap,khamsat,10,349
324,446,Full Stack,Continuously update and improve application features based on user feedback and market trends,Passport.js,Upwork,18,36
325,451,Full Stack,Continuously update and improve application features based on user feedback and market trends,Agile,Mostaqel,22,142
305,452,Full Stack,Implement RESTful APIs and integrate them seamlessly with frontend interfaces,React.js,Upwork,25,437
330,453,Full Stack,Continuously update and improve application features based on user feedback and market trends,MongoDB,Mostaqel,26,338
339,457,Full Stack,Ensure code quality and conduct regular code reviews for best practices adherence,Qualys,Upwork,17,441
334,465,Full Stack,Design and implement user authentication and authorization systems,CyberArk,khamsat,22,395
350,467,Full Stack,Ensure code quality and conduct regular code reviews for best practices adherence,ESLint,Upwork,18,137
309,469,Full Stack,Collaborate with cross-functional teams to deliver full-stack solutions aligned with project goals,Express.js,khamsat,16,280
345,471,Full Stack,Ensure code quality and conduct regular code reviews for best practices adherence,RiskWatch,Mostaqel,19,127
310,479,Full Stack,Utilize modern technologies and frameworks to enhance full-stack development processes,Bootstrap,Mostaqel,21,39
333,495,Full Stack,Implement RESTful APIs and integrate them seamlessly with frontend interfaces,CyberArk,khamsat,21,345
338,497,Full Stack,Develop scalable and maintainable database structures for efficient data management,CyberArk,Mostaqel,18,75
314,509,Full Stack,Implement responsive designs for seamless user experiences on various devices,GRC tools,Upwork,15,422
340,517,Full Stack,Utilize modern technologies and frameworks to enhance full-stack development processes,Express.js,Mostaqel,19,15
301,518,Full Stack,Continuously update and improve application features based on user feedback and market trends,Postman,Upwork,29,118
307,519,Full Stack,Collaborate with cross-functional teams to deliver full-stack solutions aligned with project goals,GRC tools,khamsat,22,327
317,519,Full Stack,Design and implement user authentication and authorization systems,CyberArk,Mostaqel,23,15
323,521,Full Stack,Design and implement user authentication and authorization systems,Qualys,Mostaqel,16,194
343,521,Full Stack,Implement responsive designs for seamless user experiences on various devices,Agile,Upwork,20,39
320,525,Full Stack,Optimize application performance and troubleshoot issues across the entire stack,MongoDB,khamsat,29,75
316,527,Full Stack,Collaborate with cross-functional teams to deliver full-stack solutions aligned with project goals,Passport.js,Upwork,26,337
347,543,Full Stack,Ensure code quality and conduct regular code reviews for best practices adherence,Git,Upwork,16,33
313,550,Full Stack,Implement RESTful APIs and integrate them seamlessly with frontend interfaces,Qualys,khamsat,17,363
335,560,Full Stack,Utilize modern technologies and frameworks to enhance full-stack development processes,VSCode,Upwork,26,313
306,562,Full Stack,Develop scalable and maintainable database structures for efficient data management,Forensic tools,Upwork,30,153
331,568,Full Stack,Continuously update and improve application features based on user feedback and market trends,VSCode,Upwork,14,155
302,574,Full Stack,Continuously update and improve application features based on user feedback and market trends,Git,Mostaqel,22,201
328,583,Full Stack,Develop scalable and maintainable database structures for efficient data management,Threat Intelligence platforms,Mostaqel,28,340
344,587,Full Stack,Optimize application performance and troubleshoot issues across the entire stack,React.js,Mostaqel,12,35
372,601,DevOps,Ensure high availability and disaster recovery measures are in place for critical systems,Kubernetes,khamsat,16,413
386,601,DevOps,Manage and optimize cloud-based resources for cost-effectiveness and performance,AWS,Mostaqel,23,323
376,603,DevOps,Implement infrastructure as code (IaC) for scalable and reproducible environments,Grafana,khamsat,21,272
392,603,DevOps,Ensure high availability and disaster recovery measures are in place for critical systems,Docker,Mostaqel,26,46
363,604,DevOps,Collaborate with development and operations teams to streamline DevOps processes,Kubernetes,khamsat,23,168
356,607,DevOps,Provide documentation and training on DevOps processes and tools,Veeam,khamsat,17,326
358,608,DevOps,identifying and resolving bottlenecks,AWS,Upwork,14,186
404,610,DevOps,Ensure high availability and disaster recovery measures are in place for critical systems,Kubernetes,Upwork,29,283
365,611,DevOps,Implement infrastructure as code (IaC) for scalable and reproducible environments,Docker,Upwork,28,40
388,612,DevOps,Manage and optimize cloud-based resources for cost-effectiveness and performance,Confluence,Mostaqel,17,263
397,613,DevOps,Implement continuous integration and continuous delivery (CI/CD) pipelines for rapid development cycles,AWS,Mostaqel,14,272
353,616,DevOps,Ensure high availability and disaster recovery measures are in place for critical systems,GitLab CI/CD,khamsat,28,302
373,616,DevOps,Implement security best practices for infrastructure and application deployments,AWS,Upwork,13,290
391,618,DevOps,Implement security best practices for infrastructure and application deployments,Ansible,Upwork,29,116
359,619,DevOps,Manage and optimize cloud-based resources for cost-effectiveness and performance,AWS,khamsat,20,285
370,619,DevOps,Implement continuous integration and continuous delivery (CI/CD) pipelines for rapid development cycles,Kubernetes,khamsat,26,346
364,620,DevOps,Implement continuous integration and continuous delivery (CI/CD) pipelines for rapid development cycles,Terraform,khamsat,11,361
368,621,DevOps,Ensure high availability and disaster recovery measures are in place for critical systems,Grafana,Mostaqel,27,319
374,621,DevOps,Implement security best practices for infrastructure and application deployments,Kubernetes,Mostaqel,22,378
395,621,DevOps,Implement infrastructure as code (IaC) for scalable and reproducible environments,Jenkins,Mostaqel,28,202
384,622,DevOps,identifying and resolving bottlenecks,Kubernetes,khamsat,14,289
366,623,DevOps,Implement infrastructure as code (IaC) for scalable and reproducible environments,Grafana,Upwork,13,429
361,624,DevOps,Implement security best practices for infrastructure and application deployments,Confluence,khamsat,23,183
387,624,DevOps,Provide documentation and training on DevOps processes and tools,Jenkins,Upwork,21,352
393,625,DevOps,identifying and resolving bottlenecks,GitLab CI/CD,Upwork,12,302
378,627,DevOps,Manage and optimize cloud-based resources for cost-effectiveness and performance,Grafana,Upwork,19,326
355,628,DevOps,Implement infrastructure as code (IaC) for scalable and reproducible environments,Jenkins,khamsat,16,387
369,628,DevOps,Implement continuous integration and continuous delivery (CI/CD) pipelines for rapid development cycles,Jenkins,Mostaqel,21,304
403,635,DevOps,Ensure high availability and disaster recovery measures are in place for critical systems,Kubernetes,Upwork,16,452
352,637,DevOps,Implement infrastructure as code (IaC) for scalable and reproducible environments,Kubernetes,khamsat,19,89
401,638,DevOps,Implement infrastructure as code (IaC) for scalable and reproducible environments,AWS,khamsat,12,284
398,639,DevOps,Manage and optimize cloud-based resources for cost-effectiveness and performance,Docker,Upwork,12,45
379,640,DevOps,Collaborate with development and operations teams to streamline DevOps processes,Ansible,khamsat,10,440
400,640,DevOps,Implement continuous integration and continuous delivery (CI/CD) pipelines for rapid development cycles,Terraform,Upwork,19,90
362,642,DevOps,Manage and optimize cloud-based resources for cost-effectiveness and performance,Jenkins,Upwork,12,96
385,643,DevOps,Implement security best practices for infrastructure and application deployments,Docker,Upwork,10,242
399,643,DevOps,identifying and resolving bottlenecks,AWS,Mostaqel,25,147
382,647,DevOps,Manage and optimize cloud-based resources for cost-effectiveness and performance,Ansible,Mostaqel,23,26
367,648,DevOps,Collaborate with development and operations teams to streamline DevOps processes,AWS,Mostaqel,23,128
402,648,DevOps,Utilize containerization technologies like Docker for application deployment,Kubernetes,Upwork,30,160
380,649,DevOps,Implement security best practices for infrastructure and application deployments,Veeam,Upwork,29,203
351,653,DevOps,Implement security best practices for infrastructure and application deployments,Veeam,Mostaqel,15,183
375,654,DevOps,Implement infrastructure as code (IaC) for scalable and reproducible environments,GitLab CI/CD,Upwork,23,369
371,655,DevOps,Implement infrastructure as code (IaC) for scalable and reproducible environments,Grafana,khamsat,17,71
377,655,DevOps,Implement security best practices for infrastructure and application deployments,Veeam,Mostaqel,14,237
381,655,DevOps,Manage and optimize cloud-based resources for cost-effectiveness and performance,Jenkins,khamsat,23,298
357,656,DevOps,Provide documentation and training on DevOps processes and tools,Jenkins,khamsat,24,431
360,657,DevOps,Collaborate with development and operations teams to streamline DevOps processes,AWS,Mostaqel,29,251
383,657,DevOps,Provide documentation and training on DevOps processes and tools,GitLab CI/CD,Mostaqel,17,322
394,657,DevOps,identifying and resolving bottlenecks,Docker,Upwork,26,282
390,661,DevOps,Ensure high availability and disaster recovery measures are in place for critical systems,Docker,Upwork,29,459
389,663,DevOps,identifying and resolving bottlenecks,Veeam,Upwork,17,448
396,667,DevOps,Implement continuous integration and continuous delivery (CI/CD) pipelines for rapid development cycles,Docker,Mostaqel,13,323
354,671,DevOps,Implement infrastructure as code (IaC) for scalable and reproducible environments,Kubernetes,Mostaqel,24,211
413,673,Mobile Applications,Collaborate with UX/UI designers to create visually appealing and user-friendly interfaces,Zeplin,Upwork,10,468
456,675,Mobile Applications,Work closely with clients to gather requirements and provide technical solutions,Xcode,khamsat,25,103
474,680,Mobile Applications,Conduct thorough testing to identify and resolve mobile app bugs and issues,Firebase,Mostaqel,26,332
411,681,Mobile Applications,Implement push notifications and other mobile-specific features,Apple Developer Forums,Mostaqel,20,115
429,681,Mobile Applications,Integrate backend services and databases to support mobile app functionalities,Appium,khamsat,27,271
415,682,Mobile Applications,Work closely with clients to gather requirements and provide technical solutions,Firebase,khamsat,19,73
468,685,Mobile Applications,Optimize mobile applications for performance,Apple Developer Forums,Mostaqel,18,42
484,685,Mobile Applications,responsiveness,Sketch,Mostaqel,25,100
467,687,Mobile Applications,Publish and maintain mobile applications on app stores,Firebase,khamsat,10,92
475,687,Mobile Applications,Stay updated on mobile app development trends and emerging technologies,Android Studio,Mostaqel,20,146
407,688,Mobile Applications,Work closely with clients to gather requirements and provide technical solutions,Xcode,Mostaqel,18,190
449,690,Mobile Applications,responsiveness,OneSignal,Upwork,13,275
496,690,Mobile Applications,Optimize mobile applications for performance,Xcode,khamsat,30,431
487,691,Mobile Applications,Stay updated on mobile app development trends and emerging technologies,Zeplin,Mostaqel,26,186
501,693,Mobile Applications,and user engagement,Appium,Mostaqel,15,242
513,695,Mobile Applications,responsiveness,Firebase,khamsat,14,239
498,696,Mobile Applications,Work closely with clients to gather requirements and provide technical solutions,Xcode,khamsat,25,483
510,696,Mobile Applications,responsiveness,Appium,Mostaqel,10,262
421,697,Mobile Applications,Collaborate with UX/UI designers to create visually appealing and user-friendly interfaces,Flutter,Upwork,11,314
419,699,Mobile Applications,ensuring compliance with guidelines,Firebase,Upwork,28,206
464,700,Mobile Applications,Optimize mobile applications for performance,Xcode,khamsat,28,158
462,701,Mobile Applications,Publish and maintain mobile applications on app stores,Apple Developer Forums,Upwork,26,42
463,701,Mobile Applications,ensuring compliance with guidelines,Zeplin,Mostaqel,29,156
512,701,Mobile Applications,Integrate backend services and databases to support mobile app functionalities,OneSignal,Mostaqel,24,411
441,702,Mobile Applications,Implement push notifications and other mobile-specific features,Sketch,khamsat,28,200
447,702,Mobile Applications,Implement responsive and adaptive designs for mobile application interfaces,OneSignal,khamsat,18,429
453,702,Mobile Applications,Conduct thorough testing to identify and resolve mobile app bugs and issues,Flutter,Upwork,30,40
423,704,Mobile Applications,Integrate backend services and databases to support mobile app functionalities,Xcode,khamsat,11,429
425,705,Mobile Applications,Stay updated on mobile app development trends and emerging technologies,Flutter,Upwork,11,222
450,708,Mobile Applications,ensuring compliance with guidelines,Xcode,khamsat,28,129
509,709,Mobile Applications,Optimize mobile applications for performance,OneSignal,Mostaqel,14,435
408,711,Mobile Applications,ensuring compliance with guidelines,Sketch,khamsat,12,69
422,711,Mobile Applications,Stay updated on mobile app development trends and emerging technologies,Appium,Upwork,19,254
493,711,Mobile Applications,Work closely with clients to gather requirements and provide technical solutions,Appium,Upwork,14,343
455,713,Mobile Applications,Collaborate with UX/UI designers to create visually appealing and user-friendly interfaces,Firebase,khamsat,20,390
417,715,Mobile Applications,Work closely with clients to gather requirements and provide technical solutions,Google Play Console,khamsat,14,339
469,715,Mobile Applications,Integrate backend services and databases to support mobile app functionalities,Flutter,khamsat,16,49
445,717,Mobile Applications,Integrate backend services and databases to support mobile app functionalities,Google Play Console,Upwork,15,367
499,717,Mobile Applications,Optimize mobile applications for performance,Zeplin,khamsat,22,377
506,717,Mobile Applications,ensuring compliance with guidelines,Xcode,khamsat,18,412
473,718,Mobile Applications,Conduct thorough testing to identify and resolve mobile app bugs and issues,Sketch,Mostaqel,28,106
461,719,Mobile Applications,responsiveness,Google Play Console,khamsat,17,254
442,720,Mobile Applications,Publish and maintain mobile applications on app stores,Flutter,Mostaqel,17,343
436,722,Mobile Applications,Implement push notifications and other mobile-specific features,Android Studio,khamsat,11,497
459,722,Mobile Applications,Collaborate with UX/UI designers to create visually appealing and user-friendly interfaces,Appium,Upwork,18,167
416,723,Mobile Applications,Implement push notifications and other mobile-specific features,Xcode,Mostaqel,18,155
454,725,Mobile Applications,Integrate backend services and databases to support mobile app functionalities,Appium,Upwork,13,417
505,725,Mobile Applications,Implement responsive and adaptive designs for mobile application interfaces,Zeplin,khamsat,10,101
477,726,Mobile Applications,Collaborate with UX/UI designers to create visually appealing and user-friendly interfaces,Zeplin,Upwork,10,386
508,726,Mobile Applications,Work closely with clients to gather requirements and provide technical solutions,Google Play Console,Mostaqel,15,243
443,729,Mobile Applications,responsiveness,Google Play Console,Upwork,11,218
418,733,Mobile Applications,and user engagement,Zeplin,Mostaqel,20,186
438,733,Mobile Applications,Implement push notifications and other mobile-specific features,Zeplin,Mostaqel,26,496
465,733,Mobile Applications,Stay updated on mobile app development trends and emerging technologies,Appium,Upwork,11,131
472,733,Mobile Applications,Implement push notifications and other mobile-specific features,Sketch,Mostaqel,20,131
479,733,Mobile Applications,Work closely with clients to gather requirements and provide technical solutions,Zeplin,Mostaqel,28,121
420,737,Mobile Applications,ensuring compliance with guidelines,OneSignal,Mostaqel,27,187
435,739,Mobile Applications,Implement responsive and adaptive designs for mobile application interfaces,Xcode,khamsat,17,180
494,739,Mobile Applications,Work closely with clients to gather requirements and provide technical solutions,Google Play Console,Mostaqel,24,99
507,739,Mobile Applications,responsiveness,Sketch,Mostaqel,27,300
444,741,Mobile Applications,Optimize mobile applications for performance,Firebase,Mostaqel,23,270
414,742,Mobile Applications,Collaborate with UX/UI designers to create visually appealing and user-friendly interfaces,Sketch,khamsat,19,49
427,742,Mobile Applications,Integrate backend services and databases to support mobile app functionalities,Sketch,Upwork,20,481
478,743,Mobile Applications,Implement push notifications and other mobile-specific features,Appium,Upwork,24,469
492,744,Mobile Applications,Implement push notifications and other mobile-specific features,Firebase,Upwork,21,63
426,745,Mobile Applications,Stay updated on mobile app development trends and emerging technologies,Google Play Console,Upwork,17,210
434,745,Mobile Applications,Integrate backend services and databases to support mobile app functionalities,Android Studio,Mostaqel,19,369
448,746,Mobile Applications,ensuring compliance with guidelines,Google Play Console,khamsat,19,497
483,746,Mobile Applications,Publish and maintain mobile applications on app stores,Firebase,Upwork,21,210
412,747,Mobile Applications,Optimize mobile applications for performance,Apple Developer Forums,khamsat,18,364
405,748,Mobile Applications,Implement push notifications and other mobile-specific features,Zeplin,Mostaqel,20,46
470,748,Mobile Applications,Stay updated on mobile app development trends and emerging technologies,Android Studio,Mostaqel,16,193
490,748,Mobile Applications,Publish and maintain mobile applications on app stores,Zeplin,Upwork,20,467
406,751,Mobile Applications,Implement responsive and adaptive designs for mobile application interfaces,Appium,Mostaqel,23,45
433,756,Mobile Applications,Stay updated on mobile app development trends and emerging technologies,Google Play Console,khamsat,25,238
486,756,Mobile Applications,Publish and maintain mobile applications on app stores,Flutter,Upwork,18,339
511,757,Mobile Applications,Stay updated on mobile app development trends and emerging technologies,Sketch,khamsat,16,135
480,758,Mobile Applications,Work closely with clients to gather requirements and provide technical solutions,Firebase,khamsat,25,181
489,758,Mobile Applications,Collaborate with UX/UI designers to create visually appealing and user-friendly interfaces,Xcode,Upwork,25,93
514,758,Mobile Applications,and user engagement,OneSignal,Upwork,11,429
437,759,Mobile Applications,Conduct thorough testing to identify and resolve mobile app bugs and issues,Appium,Mostaqel,10,350
466,759,Mobile Applications,Stay updated on mobile app development trends and emerging technologies,OneSignal,Mostaqel,21,217
482,761,Mobile Applications,Stay updated on mobile app development trends and emerging technologies,Appium,Upwork,27,35
452,762,Mobile Applications,Publish and maintain mobile applications on app stores,Sketch,khamsat,12,382
458,763,Mobile Applications,Publish and maintain mobile applications on app stores,Firebase,khamsat,12,357
503,766,Mobile Applications,Conduct thorough testing to identify and resolve mobile app bugs and issues,Google Play Console,Upwork,23,164
431,768,Mobile Applications,Stay updated on mobile app development trends and emerging technologies,Apple Developer Forums,khamsat,19,409
495,768,Mobile Applications,responsiveness,Firebase,khamsat,12,500
476,773,Mobile Applications,Conduct thorough testing to identify and resolve mobile app bugs and issues,Xcode,Mostaqel,27,50
485,775,Mobile Applications,Collaborate with UX/UI designers to create visually appealing and user-friendly interfaces,Sketch,Mostaqel,21,408
500,775,Mobile Applications,and user engagement,Android Studio,Upwork,17,150
502,776,Mobile Applications,Implement push notifications and other mobile-specific features,Firebase,Mostaqel,13,268
481,779,Mobile Applications,and user engagement,Apple Developer Forums,Mostaqel,18,435
446,780,Mobile Applications,responsiveness,Sketch,Upwork,12,76
410,781,Mobile Applications,ensuring compliance with guidelines,Google Play Console,khamsat,21,87
424,784,Mobile Applications,Implement push notifications and other mobile-specific features,Sketch,Upwork,12,456
491,784,Mobile Applications,Implement responsive and adaptive designs for mobile application interfaces,Firebase,Upwork,25,294
409,785,Mobile Applications,Work closely with clients to gather requirements and provide technical solutions,Zeplin,Mostaqel,22,182
451,786,Mobile Applications,Collaborate with UX/UI designers to create visually appealing and user-friendly interfaces,Flutter,khamsat,22,492
460,786,Mobile Applications,Collaborate with UX/UI designers to create visually appealing and user-friendly interfaces,Appium,Upwork,17,308
504,786,Mobile Applications,Optimize mobile applications for performance,OneSignal,Mostaqel,29,431
430,789,Mobile Applications,Stay updated on mobile app development trends and emerging technologies,Xcode,khamsat,15,425
432,791,Mobile Applications,Publish and maintain mobile applications on app stores,Zeplin,khamsat,24,48
439,792,Mobile Applications,Collaborate with UX/UI designers to create visually appealing and user-friendly interfaces,Xcode,Upwork,26,190
440,792,Mobile Applications,ensuring compliance with guidelines,Xcode,khamsat,16,76
488,794,Mobile Applications,Optimize mobile applications for performance,Appium,khamsat,24,106
471,795,Mobile Applications,Stay updated on mobile app development trends and emerging technologies,Sketch,khamsat,25,431
457,796,Mobile Applications,responsiveness,Sketch,khamsat,10,127
428,798,Mobile Applications,Work closely with clients to gather requirements and provide technical solutions,Android Studio,khamsat,15,216
497,800,Mobile Applications,responsiveness,Sketch,Upwork,29,428
526,801,Web Development,Implement SEO best practices to enhance online visibility and ranking,Visual Studio Code,khamsat,17,162
564,801,Web Development,Optimize website performance and ensure cross-browser compatibility,JavaScript,Upwork,20,86
544,802,Web Development,Upgrade and enhance existing websites for improved functionality and aesthetics,Shopify,Upwork,17,114
556,803,Web Development,Optimize website performance and ensure cross-browser compatibility,WordPress,khamsat,21,68
599,803,Web Development,Design and develop scalable e-commerce platforms for seamless online transactions,Django,Mostaqel,19,485
577,805,Web Development,Develop and maintain web applications with a focus on security and data protection,Visual Studio Code,khamsat,24,327
623,808,Web Development,Collaborate with clients to understand project requirements and deliver tailored solutions,Google PageSpeed Insights,Upwork,11,140
535,811,Web Development,Design and develop scalable e-commerce platforms for seamless online transactions,Shopify,Mostaqel,17,378
570,812,Web Development,Collaborate with clients to understand project requirements and deliver tailored solutions,JavaScript,Mostaqel,11,60
573,812,Web Development,Implement robust backend functionalities for dynamic web applications,Figma,Mostaqel,15,347
574,814,Web Development,Implement SEO best practices to enhance online visibility and ranking,WordPress,Mostaqel,20,113
581,818,Web Development,Collaborate with clients to understand project requirements and deliver tailored solutions,WordPress,Upwork,14,51
612,819,Web Development,Create engaging user interfaces for intuitive navigation and positive user experiences,CSS,Upwork,24,438
550,822,Web Development,Develop and maintain web applications with a focus on security and data protection,Shopify,khamsat,14,217
546,825,Web Development,Implement robust backend functionalities for dynamic web applications,HTML,khamsat,16,498
558,825,Web Development,Upgrade and enhance existing websites for improved functionality and aesthetics,Trello,Upwork,15,52
569,825,Web Development,Implement robust backend functionalities for dynamic web applications,WordPress,Mostaqel,10,485
589,825,Web Development,Upgrade and enhance existing websites for improved functionality and aesthetics,Visual Studio Code,Upwork,29,148
618,825,Web Development,Craft responsive and visually appealing websites using HTML CSS and JavaScript,Node.js,khamsat,23,327
607,826,Web Development,Upgrade and enhance existing websites for improved functionality and aesthetics,Trello,Upwork,27,408
563,831,Web Development,Upgrade and enhance existing websites for improved functionality and aesthetics,HTML,khamsat,17,425
555,832,Web Development,Craft responsive and visually appealing websites using HTML CSS and JavaScript,WordPress,Upwork,12,428
594,835,Web Development,Implement SEO best practices to enhance online visibility and ranking,Figma,khamsat,27,24
579,837,Web Development,Upgrade and enhance existing websites for improved functionality and aesthetics,Google PageSpeed Insights,Mostaqel,26,424
604,837,Web Development,Craft responsive and visually appealing websites using HTML CSS and JavaScript,WordPress,Upwork,26,133
591,839,Web Development,Create engaging user interfaces for intuitive navigation and positive user experiences,JavaScript,Upwork,21,114
531,840,Web Development,Design and develop scalable e-commerce platforms for seamless online transactions,HTML,Mostaqel,30,285
525,843,Web Development,Develop and maintain web applications with a focus on security and data protection,Trello,Mostaqel,20,306
530,848,Web Development,Customize and integrate content management systems for efficient website management,Node.js,khamsat,22,337
568,850,Web Development,Create engaging user interfaces for intuitive navigation and positive user experiences,JavaScript,Mostaqel,22,96
601,851,Web Development,Create engaging user interfaces for intuitive navigation and positive user experiences,Shopify,Upwork,22,328
598,852,Web Development,Create engaging user interfaces for intuitive navigation and positive user experiences,CSS,khamsat,30,317
548,854,Web Development,Customize and integrate content management systems for efficient website management,Bootstrap,khamsat,26,300
610,854,Web Development,Implement SEO best practices to enhance online visibility and ranking,JavaScript,Mostaqel,16,179
605,856,Web Development,Create engaging user interfaces for intuitive navigation and positive user experiences,HTML,Upwork,29,305
584,859,Web Development,Implement robust backend functionalities for dynamic web applications,JavaScript,Upwork,16,324
518,862,Web Development,Upgrade and enhance existing websites for improved functionality and aesthetics,Visual Studio Code,Mostaqel,10,497
527,863,Web Development,Create engaging user interfaces for intuitive navigation and positive user experiences,Node.js,Upwork,22,58
557,864,Web Development,Collaborate with clients to understand project requirements and deliver tailored solutions,JavaScript,khamsat,21,399
520,869,Web Development,Craft responsive and visually appealing websites using HTML CSS and JavaScript,Visual Studio Code,khamsat,16,308
551,869,Web Development,Design and develop scalable e-commerce platforms for seamless online transactions,CSS,Mostaqel,19,149
542,870,Web Development,Collaborate with clients to understand project requirements and deliver tailored solutions,JavaScript,khamsat,20,367
603,870,Web Development,Develop and maintain web applications with a focus on security and data protection,Trello,khamsat,10,495
613,870,Web Development,Craft responsive and visually appealing websites using HTML CSS and JavaScript,WordPress,Upwork,16,495
533,874,Web Development,Customize and integrate content management systems for efficient website management,Google PageSpeed Insights,Mostaqel,13,85
552,876,Web Development,Implement SEO best practices to enhance online visibility and ranking,Node.js,Mostaqel,22,385
522,878,Web Development,Create engaging user interfaces for intuitive navigation and positive user experiences,JavaScript,khamsat,17,416
529,880,Web Development,Collaborate with clients to understand project requirements and deliver tailored solutions,WordPress,khamsat,17,51
587,880,Web Development,Create engaging user interfaces for intuitive navigation and positive user experiences,Bootstrap,Mostaqel,17,269
571,883,Web Development,Design and develop scalable e-commerce platforms for seamless online transactions,HTML,khamsat,18,337
565,884,Web Development,Collaborate with clients to understand project requirements and deliver tailored solutions,Django,Mostaqel,23,399
519,886,Web Development,Craft responsive and visually appealing websites using HTML CSS and JavaScript,Node.js,Upwork,15,112
583,887,Web Development,Optimize website performance and ensure cross-browser compatibility,Shopify,Upwork,26,315
537,888,Web Development,Implement SEO best practices to enhance online visibility and ranking,Trello,Upwork,30,22
609,890,Web Development,Optimize website performance and ensure cross-browser compatibility,Google PageSpeed Insights,khamsat,12,299
619,890,Web Development,Craft responsive and visually appealing websites using HTML CSS and JavaScript,JavaScript,Mostaqel,24,95
585,893,Web Development,Implement robust backend functionalities for dynamic web applications,CSS,Mostaqel,26,281
596,893,Web Development,Collaborate with clients to understand project requirements and deliver tailored solutions,HTML,khamsat,12,253
521,896,Web Development,Craft responsive and visually appealing websites using HTML CSS and JavaScript,HTML,khamsat,18,497
515,897,Web Development,Optimize website performance and ensure cross-browser compatibility,Visual Studio Code,khamsat,25,404
624,897,Web Development,Develop and maintain web applications with a focus on security and data protection,CSS,Upwork,19,420
567,905,Web Development,Optimize website performance and ensure cross-browser compatibility,JavaScript,Upwork,18,449
611,905,Web Development,Implement SEO best practices to enhance online visibility and ranking,Bootstrap,khamsat,13,497
582,907,Web Development,Implement robust backend functionalities for dynamic web applications,CSS,Mostaqel,10,37
523,910,Web Development,Create engaging user interfaces for intuitive navigation and positive user experiences,Shopify,khamsat,26,57
622,910,Web Development,Collaborate with clients to understand project requirements and deliver tailored solutions,Bootstrap,khamsat,17,339
534,911,Web Development,Craft responsive and visually appealing websites using HTML CSS and JavaScript,Visual Studio Code,khamsat,20,429
580,914,Web Development,Craft responsive and visually appealing websites using HTML CSS and JavaScript,WordPress,Upwork,21,88
543,916,Web Development,Optimize website performance and ensure cross-browser compatibility,CSS,khamsat,26,229
561,916,Web Development,Collaborate with clients to understand project requirements and deliver tailored solutions,Shopify,khamsat,29,121
593,918,Web Development,Upgrade and enhance existing websites for improved functionality and aesthetics,JavaScript,Upwork,19,487
536,923,Web Development,Customize and integrate content management systems for efficient website management,Trello,khamsat,16,191
524,928,Web Development,Customize and integrate content management systems for efficient website management,Node.js,Mostaqel,11,199
590,934,Web Development,Craft responsive and visually appealing websites using HTML CSS and JavaScript,CSS,khamsat,27,114
560,935,Web Development,Upgrade and enhance existing websites for improved functionality and aesthetics,Google PageSpeed Insights,Upwork,14,271
621,936,Web Development,Optimize website performance and ensure cross-browser compatibility,WordPress,Mostaqel,25,165
566,938,Web Development,Implement SEO best practices to enhance online visibility and ranking,Google PageSpeed Insights,khamsat,17,26
539,942,Web Development,Design and develop scalable e-commerce platforms for seamless online transactions,HTML,Upwork,16,352
595,946,Web Development,Optimize website performance and ensure cross-browser compatibility,Visual Studio Code,Upwork,30,404
602,946,Web Development,Implement robust backend functionalities for dynamic web applications,Google PageSpeed Insights,Upwork,29,304
578,947,Web Development,Implement robust backend functionalities for dynamic web applications,Shopify,Upwork,17,136
540,948,Web Development,Optimize website performance and ensure cross-browser compatibility,HTML,khamsat,11,189
576,948,Web Development,Collaborate with clients to understand project requirements and deliver tailored solutions,WordPress,Mostaqel,21,158
588,951,Web Development,Upgrade and enhance existing websites for improved functionality and aesthetics,Shopify,Upwork,26,14
553,959,Web Development,Collaborate with clients to understand project requirements and deliver tailored solutions,Django,khamsat,23,437
559,959,Web Development,Upgrade and enhance existing websites for improved functionality and aesthetics,Shopify,khamsat,20,79
575,959,Web Development,Implement robust backend functionalities for dynamic web applications,JavaScript,Mostaqel,11,17
606,960,Web Development,Implement SEO best practices to enhance online visibility and ranking,Bootstrap,Upwork,15,189
572,963,Web Development,Design and develop scalable e-commerce platforms for seamless online transactions,Django,khamsat,26,337
528,965,Web Development,Design and develop scalable e-commerce platforms for seamless online transactions,Google PageSpeed Insights,Mostaqel,18,328
541,965,Web Development,Implement robust backend functionalities for dynamic web applications,HTML,khamsat,20,292
517,966,Web Development,Implement robust backend functionalities for dynamic web applications,Visual Studio Code,Upwork,15,362
547,966,Web Development,Create engaging user interfaces for intuitive navigation and positive user experiences,Google PageSpeed Insights,Upwork,27,478
600,967,Web Development,Collaborate with clients to understand project requirements and deliver tailored solutions,JavaScript,Mostaqel,30,93
562,969,Web Development,Craft responsive and visually appealing websites using HTML CSS and JavaScript,Figma,khamsat,19,121
608,975,Web Development,Implement robust backend functionalities for dynamic web applications,Node.js,khamsat,27,422
620,977,Web Development,Customize and integrate content management systems for efficient website management,Trello,Upwork,11,330
554,979,Web Development,Develop and maintain web applications with a focus on security and data protection,Bootstrap,khamsat,27,358
549,983,Web Development,Design and develop scalable e-commerce platforms for seamless online transactions,Visual Studio Code,Upwork,12,445
614,983,Web Development,Create engaging user interfaces for intuitive navigation and positive user experiences,Bootstrap,Upwork,12,457
545,986,Web Development,Collaborate with clients to understand project requirements and deliver tailored solutions,Figma,Mostaqel,14,105
516,987,Web Development,Design and develop scalable e-commerce platforms for seamless online transactions,Bootstrap,Mostaqel,16,269
617,987,Web Development,Create engaging user interfaces for intuitive navigation and positive user experiences,Bootstrap,Upwork,14,51
538,988,Web Development,Implement robust backend functionalities for dynamic web applications,Bootstrap,Upwork,13,186
616,988,Web Development,Create engaging user interfaces for intuitive navigation and positive user experiences,Trello,Upwork,30,170
532,992,Web Development,Upgrade and enhance existing websites for improved functionality and aesthetics,Google PageSpeed Insights,khamsat,23,362
592,993,Web Development,Develop and maintain web applications with a focus on security and data protection,Trello,Mostaqel,21,221
