StudentID,FirstName,LastName,Age,Gender,Faculty,GraduationYear,Phone,Location,Email,Password
240,Jamill,Hairon,31,Male,Toughjoyfax,2003,1949792744,Quo Lux,jhairon0@earthlink.net,"rL3|o+h@cc|G""e"
387,Constanta,Manilove,27,Female,Daltfresh,2002,4661702580,Stringtough,cmanilove1@ning.com,cE1>I2PuCpT
801,Gerardo,Burbridge,22,Male,Tres-Zap,1998,9478484092,Vagram,gburbridge2@php.net,iL7\3@sjDQMDhXD
41,Cosette,Emmison,28,Female,Mat Lam Tam,2007,3818138160,Tresom,cemmison3@about.com,"eF7*hQpcvXm'5(*,"
83,Andie,Batecok,32,Male,Alphazap,2012,3393411645,Sub-Ex,abatecok4@naver.com,nH3.GLV56zeOWLf+
460,Marco,Iannuzzi,35,Male,Tres-Zap,2012,4606245951,Konklab,miannuzzi5@nsw.gov.au,wU5)Q$X$g
502,Arlan,Herculson,32,Male,Treeflex,2004,3474775414,Pannier,aherculson6@cafepress.com,lA1#99y6
469,Culley,Starking,34,Male,It,2000,7465318015,Voltsillam,cstarking7@photobucket.com,wS3<3wUw<qz&j6U
99,Daryn,Calliss,28,Female,Temp,2001,8064785819,Fix San,dcalliss8@irs.gov,uX8/QGrn(
505,Shaine,McGroarty,22,Agender,Y-Solowarm,2005,5756864725,Y-find,smcgroarty9@ucla.edu,"hK7.$""`vPr"
626,Christel,Ashingden,28,Female,Sonsing,2000,5824722819,Flexidy,cashingdena@discuz.net,"hS3""g9Ug!ZxV`"
515,Clemmie,Bartosiak,30,Male,Zontrax,1992,3624181109,Bitwolf,cbartosiakb@nasa.gov,aQ3}!{r!
808,Donavon,Epgrave,27,Bigender,Holdlamis,2007,7302065114,Alphazap,depgravec@toplist.cz,aW7>27ci_954Dx0
982,Friederike,Gatehouse,28,Bigender,Tres-Zap,1969,5985571453,Alphazap,fgatehoused@netvibes.com,pL2~354I~t
433,Maryellen,Wolverson,23,Female,Tin,1997,6445743996,Bigtax,mwolversone@microsoft.com,tT1{%L2X
384,Nerita,Furst,28,Polygender,Vagram,2002,4088454747,Hatity,nfurstf@deliciousdays.com,nW9/Ed+Bi|*Uk1v
336,Jacki,Kretschmer,31,Female,Flexidy,2002,7004627249,Kanlam,jkretschmerg@naver.com,lX2`LjZ65D3jc
173,Gael,Ruberry,24,Male,Cardify,1994,5349890807,Bamity,gruberryh@sciencedaily.com,lI3!c03Dkv!w
313,Dennis,Brierton,22,Male,Mat Lam Tam,2009,3215985747,Tampflex,dbriertoni@wordpress.org,aN9/O0=Ca2?
232,Davita,Saltern,27,Female,Daltfresh,2003,7101246728,Cookley,dsalternj@bizjournals.com,"oQ2%7f86km*,/`Y"
866,Royall,Band,31,Male,Zathin,1983,1384252544,Biodex,rbandk@example.com,nB0+HE_dPaE1R|
582,Meggy,Crock,24,Female,Bitwolf,1985,3367524781,Trippledex,mcrockl@cbsnews.com,zF9@8b=CG`N=9>
343,Dario,Danilchik,25,Male,Stronghold,2007,8554475779,Keylex,ddanilchikm@4shared.com,zD5.{'v5'<S~_l<
599,Corry,Blaase,25,Female,Trippledex,2004,3295911649,Viva,cblaasen@tinypic.com,sT3<Lg3PH!
540,Bartholomew,Buy,23,Male,Trippledex,2007,8155144567,Prodder,bbuyo@gnu.org,aM9`yEgYo#d5/i9
89,Douglas,Moorcroft,34,Non-binary,Prodder,1984,7474378969,Subin,dmoorcroftp@jugem.jp,qA9)KJ+Hlo0L
340,Benni,Dundredge,27,Genderfluid,Zamit,1997,3682801622,Cookley,bdundredgeq@usatoday.com,jA7$rWOe
868,Arlyn,Portingale,34,Polygender,Home Ing,2012,8746856674,Lotlux,aportingaler@ft.com,sI1_r`Zuy5
489,Marlane,Siemon,32,Female,Rank,2007,9868006811,Zathin,msiemons@nih.gov,rG3+fP@u$1`
399,Ki,Ughini,24,Female,Trippledex,2002,1241034995,Zoolab,kughinit@shinystat.com,rJ1&7y0Q'g<
775,Kippar,Hartless,33,Male,Flowdesk,1994,5947256082,Quo Lux,khartlessu@jimdo.com,kJ4\84p&xs#OI
601,Dolley,Cattroll,22,Female,Quo Lux,1992,6505261924,Opela,dcattrollv@blogtalkradio.com,qE1+Qu4G`rd|sAq
929,Dynah,Ondra,25,Female,Zathin,1995,1429239989,Gembucket,dondraw@tiny.cc,fF2'\L)Oh6Qqu=Hr
817,Aubry,Silverwood,27,Female,Viva,1992,4233502634,Andalax,asilverwoodx@washington.edu,cJ1$?JdEF6E<Ig
371,Merle,Royl,32,Female,Flowdesk,1990,2116288558,Voyatouch,mroyly@studiopress.com,fY3#FmlJJ3f6B
730,Emylee,Althorp,25,Non-binary,Fixflex,2008,1747236956,Ventosanzap,ealthorpz@cloudflare.com,pC5@{omV~qj
55,Janina,Breyt,23,Female,Stronghold,1963,6737151523,Tempsoft,jbreyt10@blogtalkradio.com,wL9.<CWt(X&4
23,Alwin,Leipoldt,24,Male,Lotlux,1992,7991673453,Stim,aleipoldt11@dell.com,sZ5#rc=q%p+
26,Jessalin,Ridwood,32,Female,Sub-Ex,1999,3854247032,Trippledex,jridwood12@loc.gov,aJ8@Y}jGHr*+6Y}
914,Anders,Carlile,26,Male,Tampflex,2003,9398477774,Treeflex,acarlile13@google.de,oM6%F5VV42zJ*5
998,Maighdiln,Billitteri,34,Female,Andalax,2004,3857802350,Solarbreeze,mbillitteri14@accuweather.com,vS7!8Q|2xtygf85
636,Amaleta,Pady,30,Female,Gembucket,1994,5504901773,Zamit,apady15@amazonaws.com,"bD3.""!JGYRC)TH"
882,Fanny,Baptie,33,Non-binary,Redhold,1996,7427305081,Voltsillam,fbaptie16@vkontakte.ru,wD8*lU'%)1t
656,Teresa,Frew,31,Female,Biodex,2006,2368552789,Lotlux,tfrew17@sphinn.com,fN5)%f#fK
788,Bayard,Jansson,27,Male,Wrapsafe,1999,8775269976,Bitwolf,bjansson18@mediafire.com,iI3@PQ_&pMCv
80,Edgardo,Collinge,28,Male,Gembucket,2000,2945611308,Gembucket,ecollinge19@huffingtonpost.com,"eC4""PbPqJ<"
650,Lesley,Dehn,29,Male,Ventosanzap,2006,5811869147,Fixflex,ldehn1a@w3.org,mJ4<ha}g_hk\+eY@
269,Nikki,Edmondson,24,Female,Flowdesk,1997,9322064584,Latlux,nedmondson1b@weebly.com,qX3|gazG'Q7|sp
593,Daveta,Toner,25,Female,Asoka,2003,3193599314,Aerified,dtoner1c@ask.com,"eY2>rT2{""5"
268,Aubert,Aulsford,34,Male,Bitchip,2013,6536448408,Daltfresh,aaulsford1d@cnbc.com,"xD9""i$ea|p?yKuT"
410,Moll,McAlindon,33,Female,Fix San,2001,4549261016,Bamity,mmcalindon1e@theatlantic.com,xN5.3BP7V
308,Orv,Korting,35,Male,Tampflex,2001,8123689955,Gembucket,okorting1f@go.com,mW0<=3qn2@S5
55,Knox,Dallicott,28,Bigender,Daltfresh,2012,7619110478,Bitwolf,kdallicott1g@vistaprint.com,nO8<}cR}l{9
622,Godwin,Jakoubek,34,Bigender,Temp,2003,7023696905,Quo Lux,gjakoubek1h@cnn.com,qP6/b~8j
38,Heath,Paynes,25,Female,Y-Solowarm,2004,4611149348,Tresom,hpaynes1i@java.com,dA1%t8dXphmb.6u
148,Collette,Torrisi,23,Female,Zamit,1993,7983996539,Viva,ctorrisi1j@nba.com,pL2/Sl#pr'
125,Nissie,Skitteral,33,Bigender,Zontrax,2012,1849440721,Fintone,nskitteral1k@cnn.com,nW4>)q*w}
735,Berna,Bamsey,24,Female,Prodder,1985,4426551776,Greenlam,bbamsey1l@go.com,gA7'OS|Fx/<k2l2Q
370,Sada,Loy,33,Female,Asoka,2011,6598172761,Cookley,sloy1m@webs.com,eL5<|M)8i6vftMgQ
429,Lonnie,Gouldstone,35,Female,Toughjoyfax,2009,2526048710,Redhold,lgouldstone1n@youku.com,jA8$ljY.
395,Denny,Ziemen,33,Female,Prodder,2003,7275482699,Zaam-Dox,dziemen1o@ezinearticles.com,vN4$&8e*Dpv)4
321,Sarine,Doey,30,Female,Alpha,2010,8243488274,Overhold,sdoey1p@cnn.com,zY9_!FZg|
144,Ardelis,Telfer,23,Female,Span,2008,1476181487,Toughjoyfax,atelfer1q@uol.com.br,qN8`R(zpu1e#1
573,Merline,Reyna,32,Female,Bytecard,1989,4476496115,Stim,mreyna1r@infoseek.co.jp,yG4.1.\6Mhu.Q0
654,Celinka,Woodthorpe,34,Female,Bitwolf,2009,9874987492,Toughjoyfax,cwoodthorpe1s@acquirethisname.com,aP4#k&i(zq)
281,Jessey,Corinton,25,Male,Stronghold,2007,3396389883,Vagram,jcorinton1t@rediff.com,jV8<{S<v\6
258,Krystal,Johnsson,24,Female,Zathin,2005,6737437995,Toughjoyfax,kjohnsson1u@bandcamp.com,fQ4@x0i?(+i
953,Torie,Kettridge,23,Female,Asoka,2009,4291445747,Biodex,tkettridge1v@mlb.com,"wX1""4uvF`s\ZO&|*"
923,Aloysius,Tribble,25,Male,Tin,2003,3074318179,Aerified,atribble1w@washingtonpost.com,eK8?Sjh9@
454,Rodolfo,Mephan,34,Male,Flowdesk,1999,8483724587,Bytecard,rmephan1x@geocities.jp,jU0.!_D'
763,Ricki,Tempest,34,Female,Transcof,2008,6957829375,Bitchip,rtempest1y@1und1.de,tN1!Se?}'%Xx&'#
655,Haslett,Rigden,23,Male,Cookley,1999,8005864426,Tampflex,hrigden1z@blog.com,iL4#K={M2Qbv#i\
4,Orland,Ferrai,28,Male,Redhold,2011,7603000861,Lotstring,oferrai20@timesonline.co.uk,"jC5.mhhGM,Ojtc{D"
378,Anetta,Sleight,27,Bigender,Kanlam,1991,4826925085,Fixflex,asleight21@vkontakte.ru,fT3&F#|2THq)
900,Bartolemo,Hacard,33,Agender,Ventosanzap,2011,4701642082,Domainer,bhacard22@howstuffworks.com,dW5&/}sX
408,Alexis,Ruckert,34,Female,Stim,1996,2061831482,Mat Lam Tam,aruckert23@yale.edu,tL4>oK2w_%gZ
143,Zandra,Fulcher,22,Female,Zoolab,1993,4303182853,Opela,zfulcher24@yelp.com,wW8/MwgmwKi>(Dx=
741,Inesita,Casero,23,Female,Stringtough,1997,9547908704,Fix San,icasero25@ed.gov,iK9(AT4nV1>/dU
629,Nessy,Race,35,Female,Trippledex,1994,2819072335,Asoka,nrace26@myspace.com,"fX0?bUGk=""5B*T"
431,Ettie,Grimolbie,32,Female,Tampflex,2006,8818941094,Voltsillam,egrimolbie27@youtube.com,"vA5,/&0BYWR}fN"
80,Jolyn,Halsted,23,Female,Alpha,1985,8862197220,Rank,jhalsted28@reuters.com,fO5{nLaD/
754,Sydney,Fernao,25,Male,Stronghold,1995,9516330637,Fintone,sfernao29@edublogs.org,"mT9""z4Jf{"
943,Nessi,O'Dennehy,34,Female,Domainer,1993,4887841178,Treeflex,nodennehy2a@jugem.jp,gV7!COp|Q\pkG'F<
785,Rodrigo,Oliveto,23,Male,Veribet,2009,5847200531,Tres-Zap,roliveto2b@odnoklassniki.ru,qG9`9gdela
210,Lonni,Kinset,28,Female,Flexidy,2003,3629663127,Bigtax,lkinset2c@purevolume.com,nH8~RUo=QH?Q/
918,Sawyere,Fullagar,29,Male,Overhold,1998,9571836751,Fintone,sfullagar2d@t.co,fU5~`Y}y'
194,Catriona,Blaase,22,Female,Solarbreeze,1988,8402157091,Bitwolf,cblaase2e@japanpost.jp,kR9_0CKUp
4,Alano,Maunder,33,Male,Namfix,2003,4323773724,Tres-Zap,amaunder2f@last.fm,kF1$6nq)m=s}6
342,Genna,Stile,29,Female,Span,2002,4351263415,Bitwolf,gstile2g@yale.edu,oH9}+>.Ik`
889,Glynis,Prophet,23,Female,Zontrax,1996,1242166511,Lotstring,gprophet2h@edublogs.org,hS8@J!it$\@
804,Shae,Zellmer,30,Female,Regrant,2011,4239616080,Gembucket,szellmer2i@census.gov,vB6|Q8b`S
456,Rozalie,Hadcroft,23,Female,Konklab,2003,3259385743,Alphazap,rhadcroft2j@nhs.uk,"oF2,XePH~Lsk"
59,Karoly,Sodo,26,Male,Kanlam,1995,4898736735,Lotstring,ksodo2k@wisc.edu,hH5}HNj#AO\2
731,Ollie,Cromblehome,35,Female,Job,2000,5855170539,Latlux,ocromblehome2l@squarespace.com,mF6%?o}ej#
278,Mohammed,Rosson,23,Male,Namfix,2006,6734384339,Kanlam,mrosson2m@livejournal.com,cY0=O(wzcXC
323,Donny,Tod,25,Agender,Transcof,1996,3029377612,Tin,dtod2n@tiny.cc,kF3~R_m<6y1
17,Giffer,Neill,31,Male,Prodder,2011,2802292253,Biodex,gneill2o@google.de,eD2_3AH9x
354,Prudi,Udden,29,Female,Zathin,1992,4583885767,Zontrax,pudden2p@mapquest.com,uS5@Q+qWl
912,Morie,Gimber,23,Agender,Voyatouch,1998,5498138804,Fintone,mgimber2q@friendfeed.com,nM3`9w~gZ9dw9
331,Alain,Backsal,33,Male,Prodder,2011,6863535183,Flexidy,abacksal2r@mysql.com,"fL5`%>""""%br"
537,Dinah,Duinbleton,34,Female,Namfix,2003,5322694998,Kanlam,dduinbleton2s@clickbank.net,kQ3|*z/<=MJ
646,Enrichetta,Poleye,34,Female,Voyatouch,2008,3339406570,Bitchip,epoleye2t@joomla.org,"eT9=""o2(%m(8t!0"
937,Norbert,Yurmanovev,32,Male,Solarbreeze,2005,1008025160,Bitwolf,nyurmanovev2u@ocn.ne.jp,"xH7,5+\(=w!"
34,Lucia,Venart,32,Female,Lotstring,2011,3868852898,Ventosanzap,lvenart2v@tamu.edu,lK1+l3H~1Ju?q
299,Jamie,Oles,22,Female,Zamit,2009,2728848661,Domainer,joles2w@naver.com,aK0/`7cT
936,Alfons,Kirvell,27,Male,Overhold,1967,6881628890,Tres-Zap,akirvell2x@nsw.gov.au,dY8)(Z*i
601,Doralyn,McGrory,29,Female,Wrapsafe,1997,4475932403,Y-find,dmcgrory2y@reddit.com,sB5/O_222Pc{N|
176,Gilly,Atkyns,27,Female,Y-find,2004,7854857228,Viva,gatkyns2z@apache.org,"yI1,.jHT=9efi"
588,Lois,Stooders,32,Female,Daltfresh,1991,7608924189,Tresom,lstooders30@unc.edu,"uY2~b7vu)z`pT,``"
504,Brod,Aloshkin,27,Male,Tresom,1992,7327387981,Sonair,baloshkin31@epa.gov,tQ0<pETo}_A(
57,Jo,Jackson,24,Female,Fintone,1994,3843011293,Solarbreeze,jjackson32@hubpages.com,oX2&ShhM~Y
605,Sandor,Farington,32,Male,Toughjoyfax,2008,8122876890,Konklux,sfarington33@europa.eu,"xD2)'p0<r,<FrbY"
9,Alexis,Blampied,27,Male,Flowdesk,1993,9547107540,Tresom,ablampied34@mediafire.com,"eL2<8J,niVPl"
95,Efren,Fairy,34,Polygender,Sub-Ex,2009,6342084782,Cookley,efairy35@usda.gov,"mR9,IfwF0Z)"
22,Murray,Pulhoster,29,Male,Bigtax,2011,9643778983,Bytecard,mpulhoster36@wikipedia.org,lR9}TLFfGiM$C(
135,Cheslie,Ferriby,26,Female,Redhold,2000,7132821714,Gembucket,cferriby37@aboutads.info,lD8?@*'f
229,Tulley,Tyers,33,Male,Otcom,1963,9559775625,Konklux,ttyers38@npr.org,sV7\9\$SPp
515,Mari,Heathcoat,28,Female,Quo Lux,1994,4457969859,Holdlamis,mheathcoat39@wikia.com,"tI7@""#6o|"
571,Wendy,Etchells,31,Female,Span,1996,4103408575,Y-Solowarm,wetchells3a@google.fr,"cG7).eP9M#C""9.$<"
423,Sheba,Kmiec,24,Non-binary,Daltfresh,1994,2328854342,Job,skmiec3b@gov.uk,"mR6.""""5$M(4\A#8"
636,Harmonia,Banaszewski,31,Female,Zontrax,1994,3457570745,Latlux,hbanaszewski3c@dot.gov,"yC1""4*AUZ_V"
465,Aymer,Myner,26,Male,Sub-Ex,2009,3512301502,Aerified,amyner3d@odnoklassniki.ru,aI8@c\rRp
433,Liane,Staddart,28,Female,Duobam,1996,9097020786,Holdlamis,lstaddart3e@patch.com,rP8>sN}T/Sle!0q\
748,Fredrick,Cawthra,33,Male,Sub-Ex,2003,9687539485,Konklux,fcawthra3f@cyberchimps.com,yC7'948vpF
943,Maddy,Roughley,32,Male,Ventosanzap,2008,9015056704,Redhold,mroughley3g@skype.com,eY9)AB50DF!~}>Qk
429,Calli,Danforth,22,Female,Fix San,2002,2938652319,Andalax,cdanforth3h@epa.gov,rC2$Hmu({
901,Wanda,Griniov,30,Female,Konklux,1987,9896931655,Bitchip,wgriniov3i@mysql.com,oA7~meV0aLp!J
390,Evelyn,Cornelius,22,Female,Konklux,2012,4605481785,Pannier,ecornelius3j@epa.gov,qF7%xAh|Dz#Sv0
629,Regine,Mico,30,Genderqueer,Otcom,2004,3034097554,Ronstring,rmico3k@domainmarket.com,iC3(cFy2_X{
224,Merill,Magnay,22,Male,Hatity,1993,3343516128,Quo Lux,mmagnay3l@amazon.co.uk,uG3'jtaF1(AaSW
568,Giffer,O'Deoran,26,Male,Stim,2007,9439743210,Stim,godeoran3m@printfriendly.com,"gO0%%f4?"""
126,Bobbie,Marushak,26,Female,Flexidy,1995,2742673490,Aerified,bmarushak3n@homestead.com,aV7\h3sEO
479,Morey,Jeandin,34,Male,Holdlamis,2010,7431151815,Daltfresh,mjeandin3o@sogou.com,vP5%6&rKA(KHBL
531,Fielding,Jenken,29,Male,Y-Solowarm,1999,1682790352,Stronghold,fjenken3p@macromedia.com,yV5%F6xj
782,Karalynn,Windybank,29,Female,Biodex,2006,7468494753,Prodder,kwindybank3q@vistaprint.com,uB3&BxVQR
986,Susana,Oxbrough,34,Female,Keylex,2010,8755641546,Quo Lux,soxbrough3r@wikispaces.com,kM3|Z|1x5cL&vSp
508,Dodie,Vankin,26,Female,Mat Lam Tam,1968,8858106989,Fintone,dvankin3s@edublogs.org,eW5|N*!yF
464,Tony,Beningfield,30,Male,Ventosanzap,1996,8781714410,Voyatouch,tbeningfield3t@google.fr,mY1!}gk+w0R
324,Vilhelmina,Hefforde,34,Female,Fintone,1992,7448975829,Subin,vhefforde3u@oaic.gov.au,vP0#)dG2
472,Pamella,Summergill,26,Female,Ventosanzap,2012,3996872851,Rank,psummergill3v@vkontakte.ru,uN8{M}d$bY
455,Romola,Lynch,27,Female,Sonsing,1992,9283931073,Solarbreeze,rlynch3w@unesco.org,"kI0,b6D$z/sLJE1P"
18,Bernardine,Jordi,25,Female,Fix San,2013,5857513089,Stim,bjordi3x@google.nl,cF7.|pXt
117,Martguerita,Gleaves,26,Female,Solarbreeze,2008,1843610958,Ronstring,mgleaves3y@mac.com,"pT2)p""J,Kt'5vwDd"
548,Cash,Beminster,32,Male,Cookley,2002,3073377482,Bamity,cbeminster3z@taobao.com,dJ7\ZEI?
846,Freeman,Hazelgreave,27,Male,Viva,1993,1496354770,Gembucket,fhazelgreave40@icio.us,uJ1<Ygzv
8,Stan,Sleep,31,Non-binary,Zamit,1990,8193756079,Tres-Zap,ssleep41@engadget.com,"aA8_U}\V,=L"
317,Kiley,Cadore,33,Male,Bamity,2010,2978049055,Voltsillam,kcadore42@qq.com,jC3`Y{$M@
269,Daloris,Vaudin,23,Female,Transcof,2011,5172720055,Stringtough,dvaudin43@nsw.gov.au,bT2`DXV#7$5
168,Parnell,Orange,35,Male,Alpha,1996,1315993144,Viva,porange44@hexun.com,gD2!TrkWG(J.
839,Martica,Begent,30,Female,Latlux,2004,7109319374,Bigtax,mbegent45@seesaa.net,dD4!uX(j
22,Micaela,Varsey,24,Female,Tampflex,2009,4086590160,Flexidy,mvarsey46@theguardian.com,hI0{hMeV>B!ASqIW
802,Marguerite,McNiff,30,Female,Flowdesk,2012,4564947833,Tempsoft,mmcniff47@upenn.edu,rJ6$m/+5xAvS|>N
352,Sacha,Llewhellin,31,Female,Solarbreeze,1995,1089113385,Overhold,sllewhellin48@theatlantic.com,aV5`0b~jwao`8T1
842,Silvain,Reddel,33,Agender,Transcof,2006,8281593278,Konklab,sreddel49@paypal.com,vE3@dTz&%s't#tH
279,Hercule,Pulley,24,Male,Flexidy,2000,5318678299,Daltfresh,hpulley4a@zimbio.com,oD3|rlev8
307,Blithe,Dyott,32,Female,Quo Lux,1996,5875920530,Greenlam,bdyott4b@wordpress.org,fT3*ni7kg1u*s
110,Cornelius,Kobisch,23,Male,Zamit,1988,3318285595,Tresom,ckobisch4c@theatlantic.com,"wM3|OLc?0,OxF\"
527,Barbette,Phelipeaux,25,Female,Flexidy,2012,5383106796,Flexidy,bphelipeaux4d@cdbaby.com,"wB4~`!AQe',,3dAZ"
927,Carmine,Matzaitis,30,Male,Biodex,1954,4364875148,Cookley,cmatzaitis4e@elpais.com,uY1'lb*{H9{2NR
16,Thalia,Courtese,34,Female,Span,2000,8053070381,Veribet,tcourtese4f@ning.com,yT2=&l0y?
768,Darrick,Finicj,35,Male,Tampflex,2000,2324411195,Andalax,dfinicj4g@artisteer.com,eJ4`a_wm%Tn2_
709,Adan,Temperton,32,Male,Aerified,2007,4496647729,Fixflex,atemperton4h@imageshack.us,nF2/o(SZU<B@#3
489,Natalee,Tyer,32,Female,Bitchip,2009,6417274281,Flexidy,ntyer4i@elegantthemes.com,"zP0,0FG_Z"""
977,Torry,Pennoni,25,Male,Zontrax,1993,5462607218,Bytecard,tpennoni4j@hc360.com,wK6}'3@>Z
691,Kathy,Mote,23,Female,Sonsing,1993,3144887117,Otcom,kmote4k@home.pl,kL5'!ht&uFK/?0N
837,Daisy,Cavee,24,Female,Zontrax,2001,2693865307,Namfix,dcavee4l@nasa.gov,bF5)12cwGY*tlTh=
143,Kacey,Fairy,35,Female,Zathin,2005,6938431402,Prodder,kfairy4m@facebook.com,eK0.~2oEJ@ap.ts.
833,Gareth,Dady,25,Male,Zaam-Dox,1998,2764610184,Redhold,gdady4n@illinois.edu,"lI5@C1uFd,nJ"
472,Rollie,Stanistrete,23,Male,Regrant,2011,7349858356,Y-Solowarm,rstanistrete4o@topsy.com,sG7}kWqfE3
789,Bria,Leyson,35,Female,Aerified,1997,5319546140,Overhold,bleyson4p@weebly.com,oO2<M6om
964,Farand,Warrell,24,Female,Andalax,1987,6938252074,Flexidy,fwarrell4q@mac.com,yA2.N'IoO)eWwPNV
32,Ashley,Ortler,30,Male,Hatity,1992,9185489692,Zoolab,aortler4r@github.io,nI6@>}u0'>wzY
679,Reube,Townes,34,Male,Span,2009,9302262737,Bitchip,rtownes4s@cisco.com,sV9*MUB|%
946,Tarrah,Velasquez,27,Non-binary,Redhold,1987,5074963345,Cardify,tvelasquez4t@independent.co.uk,dB9?G3I#Pb>
793,Mirella,Tosspell,25,Female,Tin,2012,9316396383,Home Ing,mtosspell4u@marketwatch.com,nJ1`h66.!e
619,Deena,Stonary,24,Female,Voltsillam,1990,7016754470,Stringtough,dstonary4v@tinyurl.com,"aN0&N""aKUx6(Uj`9"
441,Lewiss,Forshaw,25,Male,Tresom,2001,3469614159,Tempsoft,lforshaw4w@yahoo.co.jp,"aQ9,y?hLJ`$mV8&"
4,Malia,Dudderidge,26,Female,Alphazap,2008,5886730961,Redhold,mdudderidge4x@storify.com,mS6&!>!55@V.l2
597,Ber,Thorby,26,Genderqueer,Temp,2012,5395078344,Flexidy,bthorby4y@twitter.com,oA9%2BI4B{e'do
360,Nola,Schoular,33,Female,Voyatouch,2012,6105280190,Tampflex,nschoular4z@oaic.gov.au,"fS6',JdNbajYe?F{"
613,Mariette,Berks,33,Female,Konklux,2009,3614452829,Namfix,mberks50@foxnews.com,oI3/ruS3i6(
559,Randi,Ingledow,32,Male,Lotstring,2010,5205760988,Solarbreeze,ringledow51@sina.com.cn,"aR4|LX""8DrR.+`"
580,Hilton,Drayn,24,Male,Voltsillam,2003,2303626761,Pannier,hdrayn52@creativecommons.org,wL9~LSzcT
290,Hobart,Seabourne,33,Non-binary,Solarbreeze,1995,4259031342,Daltfresh,hseabourne53@stanford.edu,vN8<zFL*MxZhF
419,Udale,Philipsen,23,Male,Job,1995,8522464213,Aerified,uphilipsen54@bigcartel.com,sB0?NucHb#
96,Malina,Ludwell,24,Female,Namfix,1997,3818467177,Fix San,mludwell55@addthis.com,"nZ7$x0,x"
902,Farris,Salasar,26,Male,Stronghold,1992,9533709589,Daltfresh,fsalasar56@hibu.com,"iZ2{|""?UMi"
403,Ode,Maginot,29,Polygender,Lotlux,1994,8816123203,Voltsillam,omaginot57@biglobe.ne.jp,"cN9,sK=pg5M4"
528,Walliw,Rhymer,30,Female,Andalax,2002,1455909505,Voltsillam,wrhymer58@scientificamerican.com,gI6`v$LYP'qJ?V
544,Lydon,Isaacs,33,Male,Lotstring,1996,9068035719,Ventosanzap,lisaacs59@cpanel.net,vY6'm2qJ
510,Benedicta,Shovelton,35,Female,Regrant,2006,5959070594,Alpha,bshovelton5a@weather.com,jX2_$$JG
49,Jeane,Klossmann,30,Female,Voyatouch,2010,5624158118,Zamit,jklossmann5b@photobucket.com,nC9+'J3ELU<
654,Britte,Madsen,28,Female,Subin,1998,3141216357,Regrant,bmadsen5c@toplist.cz,"vE3""B7KA,"
878,Eldridge,Bromwich,27,Male,Ronstring,1997,2894532124,Stringtough,ebromwich5d@ocn.ne.jp,aK2)ktT/q+=15=ff
846,Calypso,Beckles,26,Bigender,Ventosanzap,1997,3143246826,Bamity,cbeckles5e@com.com,oT7?`X6ws
204,Rodger,Jeune,23,Male,Zathin,1992,6963783775,Bitwolf,rjeune5f@unicef.org,xC8<WK7r
168,Lindsay,Terrell,27,Male,Hatity,1994,4709828001,Stringtough,lterrell5g@e-recht24.de,kG6/Ve~W)
950,Berkeley,Tetlow,24,Male,Zoolab,1992,6538834108,Zathin,btetlow5h@infoseek.co.jp,hU6)ckW5yej
962,Merna,Crudgington,32,Female,Fix San,1993,3801298307,Job,mcrudgington5i@opensource.org,oR2'acSd<j\V%~
197,Kellby,Pulsford,26,Male,Home Ing,2002,1507882034,Bytecard,kpulsford5j@geocities.com,fK2>@|`c
291,Dulce,Birtonshaw,29,Female,Greenlam,2005,8057782817,Fix San,dbirtonshaw5k@forbes.com,"rN8.hxxXqRi1R"""
239,Raff,Frandsen,22,Male,Wrapsafe,2009,7749117172,Kanlam,rfrandsen5l@bbb.org,zD9?L}i(R{}z*$r
882,Elke,Ridsdole,22,Female,Tampflex,1987,3885371064,Voltsillam,eridsdole5m@java.com,rD7?DXfX1oM#85\q
768,Stillman,McAndie,24,Genderfluid,Overhold,2008,2287450062,Lotstring,smcandie5n@nhs.uk,kD1\QF*?
694,Beulah,Cheatle,26,Female,Job,2009,9583640674,Lotlux,bcheatle5o@w3.org,zM3\mY$v!JWz>
510,Bron,Coldtart,29,Male,Sonsing,1988,6335025141,Andalax,bcoldtart5p@disqus.com,rJ7~g#0t4G
381,Shalna,McQuillin,32,Agender,Flowdesk,1995,2012604000,Solarbreeze,smcquillin5q@ted.com,xS3@TGK/j5M9
611,Forrester,Crolly,34,Male,Pannier,1992,7372122812,Alphazap,fcrolly5r@flickr.com,kB4>`9NsAeT#AG~g
603,Filippo,Moyse,24,Male,Alphazap,2001,6302632362,Ventosanzap,fmoyse5s@psu.edu,fF7{HzOCrsfg\q}
205,Philippa,Kuhnt,34,Female,Cardguard,2010,4124453013,Sub-Ex,pkuhnt5t@eepurl.com,nW9.#'t`J}LMeT
869,Andris,Marjanski,27,Male,Mat Lam Tam,2002,6752360483,Home Ing,amarjanski5u@cbc.ca,"jM4&4V*iRf4R,J,<"
615,Arleta,Perell,26,Female,Vagram,1998,4842697815,Regrant,aperell5v@zimbio.com,gH5@{~cZi}
190,Tannie,Notton,27,Male,Flowdesk,2005,9881075089,Cookley,tnotton5w@sakura.ne.jp,"kP3)_Qnh!ZQ~),&3"
384,Pavel,Kingaby,22,Male,Kanlam,1971,3968984793,Daltfresh,pkingaby5x@nifty.com,"bM7""7_ILHTDAnM"
230,Claire,Pearle,32,Female,Zaam-Dox,1997,6233783246,Mat Lam Tam,cpearle5y@taobao.com,tP4.AoK2r_r&C
188,Vittorio,Tyne,23,Male,Quo Lux,1989,5026903724,Tin,vtyne5z@zdnet.com,sB5%BLF*Z
57,Justen,Frogley,24,Male,It,2001,1595708551,Span,jfrogley60@icq.com,"wY8**w9pS4,io'9"
237,Willy,Semble,34,Female,Cookley,2002,3657200571,Alphazap,wsemble61@marketwatch.com,eH0'5pmi
667,Dunstan,Ander,32,Male,Fixflex,2011,3475644495,Zamit,dander62@earthlink.net,"zZ1|FO>,BRE9J$V"
926,Bone,Cuningham,28,Male,Alpha,2011,7362528847,Keylex,bcuningham63@blogs.com,bU5@YTE(oK
470,Terry,Riseborough,35,Female,Voltsillam,2011,6899544076,Duobam,triseborough64@privacy.gov.au,"tR1""Z!'r@("
801,Vilhelmina,Burtt,23,Female,Tampflex,2012,6564349119,Toughjoyfax,vburtt65@about.com,kF0/L0Hk
509,Moll,Spaxman,30,Female,Cookley,1991,7274741349,Kanlam,mspaxman66@facebook.com,jO3|rJ8*
49,Jolee,Brumfitt,29,Genderqueer,Domainer,2005,3723227229,Aerified,jbrumfitt67@fema.gov,sZ7+6\jC#O(E
230,Sileas,Marrill,31,Female,Pannier,1992,9101864949,Subin,smarrill68@cbc.ca,wW7@Yc!c/9>H
648,Klarrisa,Gorstidge,35,Agender,Zaam-Dox,2007,3792406346,Hatity,kgorstidge69@oaic.gov.au,dG0$>U~h~2
674,Loria,Goodram,33,Female,Stringtough,1993,8952103671,Greenlam,lgoodram6a@jiathis.com,dD8._{0/O|yF
401,Bradley,Sissons,26,Male,Gembucket,1997,4456997734,Zontrax,bsissons6b@accuweather.com,zY9*EOI/gzB
892,Amber,Skeleton,29,Genderqueer,Sub-Ex,1998,3762261140,Matsoft,askeleton6c@intel.com,"zA6""$1UvtINocT0!"
397,Adrienne,Gabbot,30,Female,Rank,2005,7656990809,Temp,agabbot6d@globo.com,mS4`S=?Y/Z_/
722,Starlene,Neiland,23,Female,Toughjoyfax,1998,7992631792,Vagram,sneiland6e@imgur.com,mD1}E<\ke}V
743,Jackqueline,Yeldon,27,Female,Transcof,1995,6856230710,Solarbreeze,jyeldon6f@forbes.com,oM4<dwA6(_|jTB
746,Matty,Tomankowski,26,Male,Bytecard,2001,4144558764,Subin,mtomankowski6g@ucsd.edu,eJ3`r~bBBS
512,Galen,Acomb,27,Male,Kanlam,1993,5277573340,Bitwolf,gacomb6h@bing.com,sE6\i+'z}WK'1TS
312,Wayne,Ivanaev,31,Male,Ronstring,1994,6981523106,Toughjoyfax,wivanaev6i@nifty.com,xG1`8qk*
647,Dominick,Cutcliffe,28,Male,Konklab,2008,1757270667,Toughjoyfax,dcutcliffe6j@sfgate.com,"oR3{If""wQlsi"
330,Nicolea,St. Quintin,33,Female,Temp,1994,8283806941,Stim,nstquintin6k@elegantthemes.com,"aZ3{d0""8"
789,Mignonne,Rowling,27,Female,Hatity,1992,6419364181,Zamit,mrowling6l@slate.com,gC7=hxNR!fj'36ME
714,Dorena,Coomer,30,Female,Tres-Zap,2008,1827466557,Bamity,dcoomer6m@vk.com,cP4.reaQYX
522,Wilhelm,Wimes,26,Male,Zoolab,2005,6996889463,Namfix,wwimes6n@nature.com,"bA2""0_Ge"
774,Ara,Ghione,23,Female,Veribet,1998,5464135614,Latlux,aghione6o@apple.com,vY0*l)EcJc~B8'S~
954,Lisbeth,Ivatts,34,Female,Andalax,2011,2298627644,Bigtax,livatts6p@cam.ac.uk,yY3}9sZ0w3$SK
13,Somerset,Goodley,24,Male,Konklux,2004,2009289542,Biodex,sgoodley6q@t.co,dC9_IQ@sqeeo
89,Lyell,Bennet,23,Genderqueer,Zathin,1996,3433493793,Matsoft,lbennet6r@meetup.com,kT1\XT&U?+4U#z.
716,Garwin,Lancett,27,Male,Treeflex,1990,7746216853,Toughjoyfax,glancett6s@newyorker.com,iD5#OK5rKtgV\l
388,Burnard,Densell,30,Male,Stringtough,2000,5282792080,Sonsing,bdensell6t@seattletimes.com,rV1*HM_Ga>.G7EV
218,Wally,Tither,32,Male,Holdlamis,2009,2931406961,Veribet,wtither6u@rakuten.co.jp,"rH7++l$G""<tFL+M"
129,Kerianne,Benford,34,Female,Asoka,2000,3177552642,Fix San,kbenford6v@utexas.edu,hC7!ZC2xi
542,Boothe,Allbut,31,Male,Stim,2012,9539359178,Bytecard,ballbut6w@eventbrite.com,"cP3)I99g/.""i*EI"
686,Shea,Jina,31,Female,Namfix,2004,2354283304,Stringtough,sjina6x@nbcnews.com,"vM5""V2a_qTJW"
501,Hedvige,Dace,27,Female,Cardify,2006,6831855141,Trippledex,hdace6y@opensource.org,xW2}|90NP
819,Winfred,Aikenhead,24,Male,Aerified,2004,5598645198,Namfix,waikenhead6z@cocolog-nifty.com,sU0#'{mc
274,Padgett,Boal,29,Male,Overhold,1988,3682271708,Ventosanzap,pboal70@cnn.com,kJ3~YWxO?
39,Fidel,Gauche,25,Male,Bitwolf,1990,1365140242,Fix San,fgauche71@blogspot.com,eC4$M1lS>kuee
32,Carla,Mowsdell,26,Female,Cookley,1986,5093194728,Fixflex,cmowsdell72@sitemeter.com,eU3*lUE#k!Rt*
419,Sally,Haquin,31,Female,Andalax,1998,9705264333,Prodder,shaquin73@shareasale.com,qD5_W6KDMIhq
672,Ricky,Jiras,27,Agender,Fixflex,2008,9513206702,Ronstring,rjiras74@discovery.com,"hN2,htSOP\=@.Q"
998,Layney,Odhams,30,Female,Subin,2011,3788447231,Holdlamis,lodhams75@themeforest.net,xX9@`(Sf
753,Dallas,Eccleshare,31,Male,Gembucket,2010,8255658639,Pannier,deccleshare76@xrea.com,lI0}=pHD7%WG~
899,Selena,Culpan,30,Female,Voyatouch,1989,6818420647,Fintone,sculpan77@ovh.net,"uG1/c\vH*C6""1M4'"
406,Shamus,Toppin,27,Male,Bitchip,2008,3262623307,Y-find,stoppin78@psu.edu,nT7'SH'G$<~Z
467,Warden,Dilston,24,Male,Y-find,2004,4951363439,Toughjoyfax,wdilston79@blogspot.com,cA6$XVwM'pXt8'xU
509,Sophi,Romanet,33,Female,Sonair,2004,8948263638,It,sromanet7a@discuz.net,cK1*TCOfQs
395,Larry,Fromont,35,Male,Temp,1993,3077087421,Stronghold,lfromont7b@creativecommons.org,"wU3=u}v=LaEq""p"
996,Ambros,Baulcombe,23,Male,Subin,2006,1056426825,Rank,abaulcombe7c@friendfeed.com,rW7+#%cz4
341,Aloise,Wildor,32,Female,Redhold,1997,4626106885,Home Ing,awildor7d@devhub.com,rT8)tGTZEcJ$)S
506,Joellen,Millam,31,Female,Veribet,2007,4955242364,Y-Solowarm,jmillam7e@businessinsider.com,aF9<+~J@ovgWS~1
322,Petunia,Thebe,29,Female,Tempsoft,2002,2988325128,Y-Solowarm,pthebe7f@ezinearticles.com,"kO2,)a+*oxp/L"
631,Annadiana,Boriston,30,Agender,Rank,1986,4997746165,Namfix,aboriston7g@sun.com,yK2~DDL##NjDs{mH
223,Maisie,Boakes,34,Female,Voltsillam,1986,6556062825,Ronstring,mboakes7h@bravesites.com,"iO7{N?X#,VK("
431,Jennette,Quarlis,22,Female,Stringtough,2009,4934581566,Wrapsafe,jquarlis7i@tuttocitta.it,qY8?34Iv?
627,Georgina,Vasovic,28,Female,Bitchip,1993,4942198930,Job,gvasovic7j@canalblog.com,eX5}{!'K
112,Rosamund,Bagehot,30,Female,Subin,1993,4972925100,Tres-Zap,rbagehot7k@nymag.com,eL0\%1V2
899,Gerianna,Demageard,22,Female,Cardguard,2000,2169558613,Solarbreeze,gdemageard7l@gmpg.org,jA0`f7I!
679,Auberta,Cassimer,28,Female,Redhold,2005,9589708125,Kanlam,acassimer7m@bloomberg.com,uM4|+AN2`k
41,Tiffi,Marlon,22,Female,Daltfresh,2012,2277172551,Veribet,tmarlon7n@bloglines.com,sM6?9{)*4
212,Justus,Helkin,27,Male,Stringtough,1998,6379224042,Solarbreeze,jhelkin7o@howstuffworks.com,jA5'SPpx!zneX1
423,Burtie,Langeren,26,Male,It,2004,6279390856,Transcof,blangeren7p@usda.gov,"aF2,|OWHyV95'"
297,Rosa,Bamforth,28,Female,Asoka,2009,5347541379,Domainer,rbamforth7q@topsy.com,eP9)qYe!&Ys
466,Kinnie,Labet,25,Male,Bigtax,1998,1077744009,Fixflex,klabet7r@nyu.edu,"lR0,%U'Z9=9fDL{"
259,Alec,Petriello,35,Male,Tres-Zap,1985,5399306796,Tin,apetriello7s@w3.org,rJ5*H?N(5eB6
283,Ailina,MacKean,30,Female,Zoolab,2004,8574158262,Latlux,amackean7t@123-reg.co.uk,bA5%a6Iy*z+d
653,Colline,Thirsk,22,Female,Bigtax,2011,3602654954,Zontrax,cthirsk7u@1und1.de,mZ0~5=V{D9
958,Leland,Richin,28,Female,Cardify,2007,1475823702,Stringtough,lrichin7v@google.fr,xD5'(Uk(go$U`Sby
843,Brandie,Kolodziejski,29,Female,Zamit,1995,9836388519,Greenlam,bkolodziejski7w@dailymotion.com,cE2}ycz#q_jg
222,De witt,Carhart,22,Male,Andalax,1992,1165189829,Tempsoft,dcarhart7x@hao123.com,"cV4""@N+I88_uBhX'"
310,Kippie,Goldston,28,Male,Stim,2003,5762335157,Opela,kgoldston7y@google.it,iI5)`?fSSMmrYX
265,Meredeth,Navein,31,Male,Wrapsafe,1995,7243032934,Subin,mnavein7z@ca.gov,"mQ1,&fdi"
892,Tomkin,Siggery,29,Bigender,Keylex,2011,6757306705,Zoolab,tsiggery80@chronoengine.com,hI5&t&%Q+y!V\x1
360,Doro,Insoll,31,Female,Gembucket,2005,2608946782,Fintone,dinsoll81@sitemeter.com,"hE0<S.""snKHNsJ"
341,Laurianne,Hartland,26,Female,Konklux,1989,4337903839,Toughjoyfax,lhartland82@wisc.edu,nP5`)zb$~7
658,Benni,Dzenisenka,28,Bigender,Rank,1989,5642913537,Sonsing,bdzenisenka83@cbsnews.com,kS6\l$RVjPDu
251,Cicily,Keuning,32,Female,Konklab,2003,3288122833,Regrant,ckeuning84@woothemes.com,pX9|T=M.>M
737,Homere,Novotna,33,Male,Duobam,1994,1285926376,Sonair,hnovotna85@photobucket.com,"jN2>""\s8j+s"
412,Nari,Raraty,30,Female,Bytecard,2002,3383369352,Lotstring,nraraty86@liveinternet.ru,"lX8>NR~+w"""
956,Randolph,Mosson,26,Male,Bitwolf,1998,4282629992,Home Ing,rmosson87@bing.com,cD0.qN5ngczQYGM
799,Sheena,Yeats,32,Female,Aerified,1995,4546217184,Cardify,syeats88@e-recht24.de,"cF4{?P7,7`.$Tb"
935,Collette,Smethurst,22,Female,Job,1998,7629008880,Cardify,csmethurst89@goo.ne.jp,oP2~P\dW|Z
164,Sigmund,Abramzon,32,Male,Viva,2005,5627261577,Vagram,sabramzon8a@sciencedirect.com,gK7_%Mh%@Iww=S
874,Hettie,Ducker,22,Female,Trippledex,2004,1238053250,Sonsing,hducker8b@archive.org,xL0|(rxh=s3
210,Griselda,Armor,31,Female,Duobam,2002,8733401056,Quo Lux,garmor8c@arizona.edu,eB9|w0rCF
388,Damian,Grenter,27,Male,Keylex,1984,7052829729,Latlux,dgrenter8d@google.com.br,nG0?v_D'j
824,Tiffie,Julyan,22,Female,Flowdesk,2007,2038365166,Vagram,tjulyan8e@diigo.com,nL5`VeI0KP'uE
126,Jeanelle,McMichael,33,Female,Mat Lam Tam,1995,5799832182,Sonair,jmcmichael8f@oakley.com,dP7&.=!MIL
582,Lesly,Pendre,28,Female,Biodex,1996,6092035746,Fintone,lpendre8g@unblog.fr,"qF4?49/bh.,"
524,Cassy,Musto,24,Female,Konklux,2003,6223899608,Flexidy,cmusto8h@1und1.de,aB9+o~6Q*1/2MbT9
575,Hetti,MacEveley,29,Female,Overhold,2003,8648057217,Zaam-Dox,hmaceveley8i@chronoengine.com,xY8(q(pg<)m#+u4
863,Elene,Brimming,26,Female,Fintone,2007,6584946892,Overhold,ebrimming8j@vk.com,qG7}SigP
583,Heidie,Lamacraft,24,Female,Mat Lam Tam,2007,3697574576,Trippledex,hlamacraft8k@purevolume.com,xF2%WkHs`w
237,Bartholomeus,McVee,34,Male,Y-find,1995,6201822753,Fixflex,bmcvee8l@toplist.cz,oA4|96_wew
710,Alie,Heyfield,25,Female,Redhold,2012,6065226358,Cardguard,aheyfield8m@loc.gov,yD1_nQhg.tODa
411,Elysee,Cameli,27,Female,Otcom,2006,1054847379,Lotstring,ecameli8n@clickbank.net,"sP6""Wx(6#Oo"
290,Arlen,Lillford,25,Male,Fixflex,1999,4599900625,Flexidy,alillford8o@youtube.com,iT3|N*G>=
732,Michelle,Farnon,23,Female,Zathin,1989,5415474599,Tin,mfarnon8p@nih.gov,wO1}9(RA4P
879,Sol,Cardero,28,Male,Duobam,1978,9268137184,Zaam-Dox,scardero8q@networksolutions.com,mA7%w76vt8l$p_&
46,Hillel,McCroft,31,Male,Span,2010,5605338342,Transcof,hmccroft8r@sohu.com,cB8.yeLYRc*!
670,Augustin,Willmett,31,Genderfluid,Toughjoyfax,2004,5815276673,Konklux,awillmett8s@jimdo.com,cM1.UTS=<
226,Keri,Spino,23,Female,Voyatouch,2002,6736588394,Holdlamis,kspino8t@sogou.com,"fA2+<IY3V,spD6"
724,Witty,Harme,24,Male,Gembucket,2010,1956487635,Otcom,wharme8u@constantcontact.com,"xN7!E4@*$=p,vSw"
945,Linus,Fabb,35,Male,Stim,2006,6046530886,Bigtax,lfabb8v@narod.ru,pJ5*1.`I3lu/2G
311,Jorgan,Huson,24,Male,Zontrax,1992,8394171682,Greenlam,jhuson8w@cafepress.com,mD8%rm7_#
199,Bridget,MacAlpin,31,Female,Veribet,1994,5094631608,Job,bmacalpin8x@tripod.com,hS3_I#!(@8
420,Sarajane,Crick,34,Female,Daltfresh,2005,8042134841,Solarbreeze,scrick8y@nydailynews.com,tE9/CsdmYf{s\$
832,Eward,De Cruce,27,Male,Zaam-Dox,2002,4907391567,Redhold,edecruce8z@ovh.net,"aI9,qD&+exb@tx"
125,Clare,Betke,23,Male,Bamity,2000,1168206968,Voltsillam,cbetke90@ftc.gov,"kI4{8Z@zI#""Si"
613,Serene,Durrington,22,Female,Subin,2008,1278853512,Transcof,sdurrington91@prweb.com,xT8_{jrt!)a/
94,Virginia,Stroder,24,Female,Flowdesk,1999,8197522250,Konklab,vstroder92@virginia.edu,hK7}%zj$
309,Gunner,Ettritch,29,Genderqueer,Flowdesk,1985,9588205416,Cardify,gettritch93@vistaprint.com,gD6`N!SpGm
501,Linn,Giampietro,25,Genderqueer,Zathin,2006,4267901785,Vagram,lgiampietro94@wired.com,gJ4\BARRKjup
367,Giuseppe,McCamish,29,Male,Ventosanzap,2000,5415548569,Bamity,gmccamish95@paginegialle.it,qJ1~uHwr#H2}Fm.|
523,Wilona,Ansty,30,Female,Domainer,1997,7466937715,Ventosanzap,wansty96@vimeo.com,nO7}HZB+
141,Corrine,Pretorius,29,Female,Stim,2003,8152891756,Mat Lam Tam,cpretorius97@flavors.me,mW0|M/by|&r}
252,Rikki,Brenard,33,Male,Stringtough,2006,7622727040,Opela,rbrenard98@state.tx.us,oB1_#rfZ=6X(2
147,Zarah,Guillond,31,Female,Redhold,2004,2417175105,Tampflex,zguillond99@bbb.org,"wK4\V},7s@${&|x+"
648,Jackqueline,Trevaskiss,34,Female,Otcom,1993,9034027536,Y-find,jtrevaskiss9a@wisc.edu,xB5<UBWbH=.I+uV@
609,Carlota,Goudy,22,Female,Bamity,1989,4685451392,Solarbreeze,cgoudy9b@123-reg.co.uk,iD6#CBQU
32,Bernie,Gronav,27,Male,Prodder,1985,1872968808,Zaam-Dox,bgronav9c@e-recht24.de,jP8@TbhveAgp
19,Brigham,Bonsall,23,Male,Otcom,2001,6273688214,Home Ing,bbonsall9d@ovh.net,oU9?((@E<*
583,Curt,Peddar,35,Male,Veribet,2011,6941957199,Kanlam,cpeddar9e@ed.gov,gE6?YF/(X@V~V.
395,Crissy,Maryman,28,Agender,Alphazap,2004,3671712993,Konklab,cmaryman9f@google.nl,"wT2!%%U`q2""Z2"
267,Howard,Pawlick,26,Male,Bytecard,1991,7969876512,Fintone,hpawlick9g@hibu.com,"bU6)t,?)\8V8J9L"
499,Hillie,Pencost,23,Male,Ronstring,2012,3704474884,Job,hpencost9h@newsvine.com,"eX8,HgBiX6Ql\C<4"
995,Bourke,Spadeck,33,Male,Andalax,2002,6627086560,Alphazap,bspadeck9i@shareasale.com,"yX7~)"".>?J7L6"
395,Nari,Stroulger,35,Female,Voyatouch,1990,8993338579,Hatity,nstroulger9j@hatena.ne.jp,wS1=O>08Xzc
41,Robinia,Basil,28,Female,Konklab,2007,4774421534,Span,rbasil9k@tripadvisor.com,kO9\9'9R}PD3)kY
910,Adlai,Cristofvao,30,Male,Keylex,2001,6364879040,Tampflex,acristofvao9l@trellian.com,"zE4(,*#i9'1<YBZ"
119,Milena,Drinkhill,35,Female,Asoka,2002,4897986355,Stim,mdrinkhill9m@columbia.edu,jB6(xFzP!_keFy
977,Olva,Stammirs,24,Female,Bitwolf,2011,5066414050,Latlux,ostammirs9n@accuweather.com,sH9?`okEy4QN|e
596,Ruddy,Kwietak,35,Agender,Zontrax,2012,5211006281,Matsoft,rkwietak9o@blogger.com,dW9%+3tO4$IdC
841,Curr,Johananoff,27,Male,Zaam-Dox,2011,3091263590,Duobam,cjohananoff9p@indiatimes.com,"rC6|~O0_""(8Lu3U7"
706,Sebastian,Reeves,27,Male,Cookley,1988,8396769113,Kanlam,sreeves9q@epa.gov,uR1{ZOr~_}djd
910,Eunice,Grendon,31,Female,Zathin,1994,5675098443,Zamit,egrendon9r@answers.com,"sH9&_,\ZxlO+"
308,Mahala,McGovern,34,Female,Otcom,2011,1305745240,Opela,mmcgovern9s@bizjournals.com,uK1*oyIB3enmx/
623,Ugo,Cluse,33,Male,Prodder,2012,8624917896,Matsoft,ucluse9t@rediff.com,"cA0*z1HGS,"
900,Dorthy,Leare,34,Female,Stronghold,1993,3966101886,Rank,dleare9u@weather.com,uJ1&cNGkR}i
486,Ketty,Amys,26,Female,Solarbreeze,2010,2113015261,Voyatouch,kamys9v@economist.com,xQ5/)r=3y($
174,Belinda,McMenemy,32,Female,Temp,2012,8219802920,Tres-Zap,bmcmenemy9w@storify.com,sS5`Oj'9y`
585,William,Eddins,31,Male,Fix San,1999,1146000857,Vagram,weddins9x@vistaprint.com,zR8(iI+&
803,Tarra,Tuddenham,31,Female,Veribet,1993,4299754668,Gembucket,ttuddenham9y@china.com.cn,xF6@vK_hoB@=
621,Nisse,Shergold,34,Female,Gembucket,2013,7388760437,Home Ing,nshergold9z@biblegateway.com,kV8>{xS~
888,Flemming,Lissaman,25,Male,Aerified,2008,9257492294,Tampflex,flissamana0@xing.com,"mM7""X'5(}"
115,Rube,Haistwell,35,Male,Temp,1999,1382736356,It,rhaistwella1@europa.eu,qT8*@~B%/~Yxo`T
322,Willabella,Connock,28,Female,Cookley,1991,8783371533,Sonair,wconnocka2@europa.eu,"sU0{c4!?BJL,*ot"
623,Karolina,Bispham,26,Female,Y-Solowarm,2005,8189400237,Cardify,kbisphama3@elegantthemes.com,uQ8!gkO\ylbRKa#
73,Gill,Wondraschek,34,Female,Tampflex,2010,2626926723,Span,gwondrascheka4@people.com.cn,"gS7""dSNd1MuiF="
826,Henka,Teanby,24,Female,Solarbreeze,2004,9762588968,Konklux,hteanbya5@ca.gov,hS4$gX}!
172,Milton,Gerardot,29,Male,Solarbreeze,2008,3548012229,Holdlamis,mgerardota6@yelp.com,mI3|d3=dJ
14,Rodolfo,Warke,31,Male,Fix San,1998,3126054337,Namfix,rwarkea7@fastcompany.com,aO5$>eA?cY)Hk
524,Layton,Trillow,30,Male,It,2004,2652032126,Trippledex,ltrillowa8@phoca.cz,kK3$j$+*N?*A
996,Mignonne,Saffer,26,Female,Latlux,2001,3144088846,Cardify,msaffera9@salon.com,wR1~?r{rP
114,Roobbie,Eginton,29,Female,Pannier,1998,8831345498,Flexidy,regintonaa@tripod.com,"vS7$oP""4STy8+"
471,Trev,Borwick,26,Male,Overhold,2005,3529902228,Viva,tborwickab@cornell.edu,lY7?nmn15e
82,Kinsley,Tall,33,Male,Stim,1998,6603553372,Home Ing,ktallac@amazon.co.jp,xW4}0OF9pg
518,Cacilia,Iskower,31,Female,Flowdesk,1992,4391903433,Gembucket,ciskowerad@hud.gov,iW2)P.7=z
105,Lynnett,Bythway,28,Female,Flexidy,1997,8818513529,Duobam,lbythwayae@ox.ac.uk,tQ3>%(T\
411,Clo,Samways,26,Female,Greenlam,1983,7313060068,Viva,csamwaysaf@biblegateway.com,aY1?WP4)Gbk2\A
71,Park,Beadham,33,Male,Cardify,1997,6696697904,Zaam-Dox,pbeadhamag@bigcartel.com,kH7<cZ2.IvIveP
541,Peri,Ellson,35,Female,Flowdesk,2009,9004313681,Gembucket,pellsonah@is.gd,pH3(CUk(R.KJa2?h
872,Gabe,Lesor,22,Male,Sonair,2003,9109100216,Ronstring,glesorai@mit.edu,cS8'm0C`sA
833,Raf,Twycross,27,Genderfluid,Holdlamis,2001,1377438173,Hatity,rtwycrossaj@usda.gov,gK7/kQSrg
451,Welbie,Falkous,29,Male,Duobam,1987,5642496066,Voltsillam,wfalkousak@goo.gl,nK4@4qx8+`Z\xV'
861,Marwin,Tunnow,24,Male,Vagram,2001,6834358441,Transcof,mtunnowal@marriott.com,cA3$'hRVYH`l
521,Barn,Iacovino,26,Male,Biodex,1992,5319971769,Overhold,biacovinoam@cloudflare.com,kT1%0*LBeiqro
178,Jaime,Defries,27,Female,Subin,2009,7111045411,Namfix,jdefriesan@ocn.ne.jp,yX3?3DDt<I
527,Sharai,Dax,33,Female,Namfix,2007,5984185181,Konklab,sdaxao@shutterfly.com,"yG2,MQn%_3tKXJV>"
208,Jenilee,Rapier,31,Female,Fintone,2004,9745346229,Flowdesk,jrapierap@earthlink.net,vC8/O3R!yQJ
584,Micheline,Giacobilio,29,Female,Konklux,2001,9088924842,Latlux,mgiacobilioaq@ca.gov,zZ2.sqr)x
227,Forrest,Seven,23,Male,Flowdesk,1991,4873492600,Mat Lam Tam,fsevenar@google.nl,wU7$x({yk6e#Yh&R
655,Gerda,Fuxman,27,Agender,Viva,1998,7108484514,Vagram,gfuxmanas@webeden.co.uk,wR9&52{'
838,Demetri,Martyns,31,Male,Cardify,2012,8021880640,Wrapsafe,dmartynsat@mapquest.com,"hQ2%*""3x"
336,Robbi,Elkins,35,Female,Cardify,2012,6283704821,It,relkinsau@cpanel.net,hR8*HV5s#}>
91,Seka,Ferri,33,Genderqueer,Fix San,2002,5693132320,Home Ing,sferriav@nytimes.com,"zX9|""JBQZphW7"
33,Myca,Glayzer,30,Male,Sonsing,1991,8044418009,Y-Solowarm,mglayzeraw@china.com.cn,yS8$(6DF|@
88,Matias,MacGillivray,31,Male,Fixflex,2002,7315045265,Zoolab,mmacgillivrayax@t-online.de,"jE2?k=Bc""uP_G&"
455,Marianne,Maddigan,29,Female,Pannier,1991,7104941933,Job,mmaddiganay@tripadvisor.com,pL1'RX#DLTj59
174,Evyn,Pattenden,33,Polygender,Transcof,2000,6005864749,Biodex,epattendenaz@mlb.com,hV3(IPhJ{%{3K
864,Griz,Winfred,28,Male,Biodex,2010,7162056544,Zaam-Dox,gwinfredb0@msu.edu,vE0!hLq##LY
567,Leonidas,Ibbetson,33,Male,Bamity,2001,8408498348,Cardguard,libbetsonb1@army.mil,bJ1<{bgf\RvYnB
468,Yasmeen,Walding,32,Female,Regrant,2009,4165095916,Zoolab,ywaldingb2@cloudflare.com,uH1{j$U~{
555,Lynette,Peckham,23,Female,Bytecard,2004,5052876130,Matsoft,lpeckhamb3@digg.com,iP1+u%W$TF/3w
395,Thor,McInnerny,28,Male,Redhold,1996,4828829231,Y-Solowarm,tmcinnernyb4@pinterest.com,aR4{vu~.E+$|?
494,Ignacio,Shambrooke,32,Male,Daltfresh,2000,4913651940,Trippledex,ishambrookeb5@jugem.jp,zH7>jn5EF87$I/xG
664,Sydney,Vevers,33,Male,Voyatouch,1997,2002441602,Tres-Zap,sveversb6@goo.ne.jp,nT8|vi%bUTti&E
430,Garfield,Boxhall,23,Male,Zoolab,2005,2473982110,Fixflex,gboxhallb7@sciencedaily.com,oG6$RCw8l@9qs}(f
610,Lucius,Gristhwaite,27,Male,Flexidy,1993,6591492803,Quo Lux,lgristhwaiteb8@wordpress.com,"sU7""kO|6(f?dj("
306,Moselle,Skechley,23,Female,Voyatouch,2010,7846229725,Vagram,mskechleyb9@ehow.com,wG8|rDL\}@
769,Stirling,Muzzall,22,Male,Zoolab,2002,1819416357,Regrant,smuzzallba@house.gov,hB9=/(A#03
446,Shay,Perillio,35,Male,It,2000,6467810865,Asoka,sperilliobb@netlog.com,jJ6}/h$~Vk
137,Waverly,Wakelin,32,Male,Bigtax,2010,1096345952,Treeflex,wwakelinbc@booking.com,"fV6`>@|&#/,zN("
203,Adele,Blasli,24,Female,Zamit,2008,4547747684,Alpha,ablaslibd@howstuffworks.com,cL4\c06f*>O{0Xq
26,Karia,Yitzhok,34,Female,Subin,2010,7232705439,Aerified,kyitzhokbe@scientificamerican.com,dP1+i~?}5MLf
1000,Abbey,Tuffrey,35,Female,Alpha,2012,1302881305,Duobam,atuffreybf@oaic.gov.au,hN2<3gw@1|+.ee`
490,Kissiah,Garlick,26,Female,Alphazap,2003,2934994766,Kanlam,kgarlickbg@cnet.com,"uK0}=,o,7Vtlfs"
448,Bambie,McIntosh,28,Female,Job,2001,5301428283,Sonair,bmcintoshbh@bbc.co.uk,hD1#puWfU
229,Haven,Burnep,33,Bigender,Tresom,2006,2359202396,Voltsillam,hburnepbi@cocolog-nifty.com,cC5<\.ihB
246,Oliver,Gaskamp,22,Male,Duobam,2008,7192659134,Fixflex,ogaskampbj@nature.com,cY3}B'?#
871,Jobie,Stanfield,27,Female,Gembucket,2008,1531774951,Bitchip,jstanfieldbk@wikispaces.com,aL1!P63q
406,Torrence,Bendelow,33,Male,Fix San,2010,7544675422,Bigtax,tbendelowbl@ezinearticles.com,pV5/dRvZA
763,Northrop,McKendo,25,Male,Fixflex,2011,5473982322,Zathin,nmckendobm@theguardian.com,pV4>%dN/`go@$HS
418,Kilian,Shufflebotham,28,Male,Bamity,2011,7708316267,Namfix,kshufflebothambn@europa.eu,bW9=on+`%NMZWN
569,Rahal,Wilmut,25,Female,Tampflex,2005,1553281470,Andalax,rwilmutbo@joomla.org,bJ5}UI)1Zg>nHVE
653,Linn,Forsythe,27,Male,Regrant,1998,4488496280,Keylex,lforsythebp@imgur.com,nU2@yY)=
647,Alaric,Regenhardt,24,Male,Holdlamis,2008,7127931888,Bytecard,aregenhardtbq@moonfruit.com,zW4.tEXVF
182,Bessie,Yglesia,30,Female,Alpha,1993,8121922868,Domainer,byglesiabr@fotki.com,hM5~E{0{
155,Sophronia,Verrills,32,Female,Vagram,1996,6469867874,Solarbreeze,sverrillsbs@deviantart.com,mZ1{mx>3{6iM
965,Rustie,Boam,35,Male,Redhold,1999,1377377920,Stringtough,rboambt@goo.ne.jp,mL3{b2B0E+hZU
4,Linoel,Paylie,33,Male,Rank,2005,4123827419,Cardguard,lpayliebu@edublogs.org,tD4'_!Gg
219,Kelsey,Found,29,Male,Namfix,2010,9079503107,Aerified,kfoundbv@weibo.com,zK6?rX.go{Vco7!{
765,Mimi,Chitty,30,Female,Stronghold,1998,8397287339,Flowdesk,mchittybw@gravatar.com,"hX4_zC""XFmg"
117,Ferdinanda,Jerschke,26,Female,Zathin,2012,5067798255,Lotlux,fjerschkebx@sciencedaily.com,"dP7,~`BC`1Q"
66,Bobby,Huleatt,22,Female,Solarbreeze,2008,9624696401,Wrapsafe,bhuleattby@github.io,iY4#YjeO
212,Trever,Apthorpe,25,Male,Wrapsafe,1990,9307598078,Sonair,tapthorpebz@weather.com,gD8|2QK8t&3myYL2
877,Herta,Mattiassi,23,Female,Overhold,2010,5367566502,Subin,hmattiassic0@meetup.com,nT6$*bgd
271,Demott,Aubri,24,Male,Vagram,2011,2222231288,Temp,daubric1@google.co.uk,lJ1$9!Dhl
996,Jessica,Kavanagh,33,Female,Zamit,1994,4556432443,Home Ing,jkavanaghc2@yellowpages.com,hP6@'Ob%/O
881,Jennette,Kydde,28,Female,Flexidy,2007,9964072574,Tresom,jkyddec3@upenn.edu,jX3~0UEn~{wJ@X
208,Deeanne,Selliman,30,Female,Otcom,1980,8472648465,Voyatouch,dsellimanc4@sitemeter.com,kH7@/@@N/
359,Millicent,Streater,31,Female,Zamit,1990,4539029306,Redhold,mstreaterc5@nhs.uk,vT3<~CN1g875=8
249,Kipp,Search,35,Male,Greenlam,1990,4539436842,Sonair,ksearchc6@hhs.gov,pJ6~(1q\A
355,Lidia,Cottisford,33,Non-binary,Zaam-Dox,2009,9678407662,Voyatouch,lcottisfordc7@pcworld.com,lX1>CeQzVu}Shy
840,Chevalier,Fernehough,35,Male,Tampflex,2003,7664597841,Bigtax,cfernehoughc8@github.io,dO3/tu?{fWU*8U#
979,Rockwell,Wickersley,22,Male,Latlux,1993,3059215932,Kanlam,rwickersleyc9@wufoo.com,xJ6(@us/}Va*
621,Tate,Cline,29,Female,Voyatouch,1963,4336959161,Temp,tclineca@wix.com,dN0%aLsMlYDaqf
656,Mitzi,Parzizek,34,Female,Quo Lux,1993,9224844669,Flexidy,mparzizekcb@opensource.org,jM1_Sy>EFN
829,Ulrica,Baccup,29,Female,Tempsoft,1995,2941840755,Voyatouch,ubaccupcc@dailymotion.com,"qJ8}""/0A>F"
467,Consolata,Blyth,26,Female,Span,2009,7956500040,Veribet,cblythcd@microsoft.com,tJ9|(ZTn
370,Tomasine,Guerreau,26,Female,Konklux,1994,1027754874,Biodex,tguerreauce@utexas.edu,"qH9<mB""nlo"
92,Norina,Bernocchi,35,Female,Ventosanzap,2000,5484187078,Asoka,nbernocchicf@weather.com,oA2~1%._=s$t4%}O
120,Heath,Traite,33,Female,Bamity,2007,1441698311,Holdlamis,htraitecg@constantcontact.com,"fZ1_(+>p22,89"
709,Aimee,Breeton,35,Female,Konklux,2012,9133956782,Rank,abreetonch@squidoo.com,jY5\TbIV9DYDQ
411,Eugenio,Bursell,23,Male,Voltsillam,1996,1567995155,Gembucket,ebursellci@goo.ne.jp,"qP6<""fiDB|x#8D"
721,Vergil,Lockhurst,29,Male,Y-Solowarm,2003,9146427503,Trippledex,vlockhurstcj@bizjournals.com,aG6>arNNEW
310,Ase,Lenchenko,24,Male,Tresom,1992,7543040420,Y-find,alenchenkock@meetup.com,rI5~IOTaDLV|#
433,Barron,Woodbridge,29,Male,Latlux,2002,3179428183,Alpha,bwoodbridgecl@diigo.com,jS4@aA?ua
881,Lamont,Kingswold,34,Male,Cookley,2008,2066288211,Daltfresh,lkingswoldcm@vistaprint.com,"yO4!M.R5(I""%Q3Ch"
353,Valerye,Gockelen,33,Female,Holdlamis,1996,7548203981,Fintone,vgockelencn@comcast.net,bO3/PwuZ|HUX
255,Nolan,Verni,35,Male,Fixflex,1998,6099057803,Rank,nvernico@chronoengine.com,pY3'#m?kqy(=
99,Gladi,Kerrey,30,Female,Bytecard,2010,7663150504,Konklab,gkerreycp@elegantthemes.com,"uU0)/MeR.gEgBY."""
810,Evangeline,Cuthbertson,27,Female,Mat Lam Tam,2006,4373474271,Matsoft,ecuthbertsoncq@nih.gov,"kP7/""(.a3""`"
799,Suellen,Flippelli,25,Non-binary,Flowdesk,1991,6189020525,Konklab,sflippellicr@geocities.jp,nU0>kIx!gl2Z?j8
305,Welbie,Breede,29,Male,Voyatouch,1992,5232033148,Cardify,wbreedecs@printfriendly.com,dE3#c#Z#l\V
400,Willie,Rossborough,33,Female,Zontrax,2002,9701679963,Bitwolf,wrossboroughct@usatoday.com,"rH1>Yv0G\,GUKMR_"
734,Quent,Brookwood,35,Male,Keylex,1998,3998907322,Prodder,qbrookwoodcu@statcounter.com,"oM7=Z{G9Df,|/rUu"
732,Aurlie,Boswell,24,Female,Cardify,1993,3411375941,Tin,aboswellcv@amazonaws.com,"sU1*""'go|$PzDz8O"
821,Trace,Perham,23,Polygender,Sonsing,1988,3108208893,Daltfresh,tperhamcw@columbia.edu,xI7!bWRLcxp1r2bg
661,Cynthie,Glackin,25,Female,Ronstring,2001,2311739089,Redhold,cglackincx@hibu.com,"xM7'l1*p,e?"
218,Jazmin,Gowrich,29,Female,Vagram,2008,1857609936,Trippledex,jgowrichcy@opera.com,tP3(1{XnrNm
425,Burk,Kem,35,Male,Zontrax,2009,1164738030,Latlux,bkemcz@nifty.com,"sX1&9""X'qL"
434,Ali,Geany,25,Male,Overhold,1984,4278584885,Stronghold,ageanyd0@wisc.edu,lM0''_K)/08i
189,Sergent,Raven,22,Male,Stim,2003,8838271615,Y-Solowarm,sravend1@a8.net,nF2&0mzs/Mi|M0
880,Lynne,Dunbleton,26,Female,Bigtax,2000,4672683945,Zoolab,ldunbletond2@msn.com,pI3{\\9<x)j(
89,Sean,Morgue,28,Male,Aerified,1997,6223836090,Quo Lux,smorgued3@imgur.com,kW5#NvTQqhh
79,Lurlene,Stabler,31,Female,Sonsing,2006,1616492481,Voyatouch,lstablerd4@tripod.com,"iI0""A2*JFOYh&2eV"
499,Gilly,Bowry,26,Female,Voyatouch,1999,3029764359,Cookley,gbowryd5@yahoo.co.jp,"jA3/,g!jg"
322,Hephzibah,Behneke,33,Female,Fix San,2006,3289206550,Alphazap,hbehneked6@is.gd,xG1$O5\YrDIAx
97,Rodina,Aughton,28,Female,Flowdesk,2003,9325482141,Alphazap,raughtond7@ovh.net,rK9#SEdeQ@RJO
247,Daniel,Monelli,24,Male,Quo Lux,2007,2166685285,Transcof,dmonellid8@google.fr,"rD6*T""?Ib"
974,Aubrette,Kytley,35,Bigender,Regrant,2006,8728146387,Redhold,akytleyd9@oracle.com,tK1$@SU|!1s
976,King,Wrightim,27,Male,Sonair,2010,2993106417,Konklab,kwrightimda@psu.edu,"hO4%80)X"".3zT'3"
459,Matelda,Loghan,23,Female,Tres-Zap,2008,5705960096,Holdlamis,mloghandb@lulu.com,lB4'JQrSk
748,Farrell,Deville,32,Male,Gembucket,2010,4122709751,Toughjoyfax,fdevilledc@smugmug.com,eR0&k9$#`E
764,Gard,Sagg,30,Male,Subin,2002,7584045721,Hatity,gsaggdd@csmonitor.com,"iB8*eiRS>""O"
372,Yvette,Scothorn,22,Female,Alphazap,2007,7696405254,Alphazap,yscothornde@spiegel.de,nC9|`!&.
395,Ram,Brook,30,Male,Sub-Ex,2009,1329609291,Fintone,rbrookdf@chron.com,tJ1%6&qC
922,Melba,Meron,33,Female,Andalax,2010,7061430111,Opela,mmerondg@vinaora.com,hC6~fT`c%ff4?73+
305,Darcey,Kasman,25,Female,Zontrax,1992,9169396468,Cardify,dkasmandh@icq.com,iY5%qIMLE
525,Rollie,Slatcher,32,Male,Y-find,1997,4448088501,Asoka,rslatcherdi@bluehost.com,"nK9&""sKyBda(rjkC"
666,Roxy,Drowsfield,35,Female,Solarbreeze,2000,8432392539,Viva,rdrowsfielddj@cbsnews.com,aP2>YjkV\kQfbUD1
657,Alfonse,Leger,33,Male,Quo Lux,1993,8165041139,Stronghold,alegerdk@marketwatch.com,kF9#'J$o##.in
815,Krystalle,Base,29,Female,Bytecard,2006,8633638707,Opela,kbasedl@hostgator.com,yO5$>'~YJxK0.}
678,Patrice,Drife,22,Male,Fix San,1985,9513899878,Stronghold,pdrifedm@myspace.com,cT8)q`7JO+vG_ki
227,Jack,Swabey,29,Male,Solarbreeze,1992,4231834296,Prodder,jswabeydn@mail.ru,pB1(`a\\Z\b
724,Devondra,Benard,33,Female,Andalax,1995,5753364028,Andalax,dbenarddo@addthis.com,"rO4,1""Ka```,.n"
793,Andie,Offner,26,Genderfluid,It,2013,3025581794,Pannier,aoffnerdp@harvard.edu,"aY5,5Jgsue"
291,Georgeanne,D'Antuoni,34,Female,Tres-Zap,1986,1691101367,Sonair,gdantuonidq@statcounter.com,"pJ1*,?\y1&To(\'"
993,Ariel,Newburn,34,Male,Aerified,2004,9935421661,Bamity,anewburndr@jalbum.net,tG6`{'&1
318,Lana,Drew-Clifton,34,Female,Treeflex,1994,4117369755,Alpha,ldrewcliftonds@tamu.edu,aU2&{&dscaIv`n
18,Robinson,Took,23,Male,Voyatouch,2006,8902068547,Voyatouch,rtookdt@purevolume.com,aB4*lD6+5~
767,Coleman,Ciotto,28,Genderqueer,Sonsing,2002,7669817358,Fix San,cciottodu@youtube.com,"rM0""$?2\Qsne{"
567,Koo,Vayne,29,Female,Tampflex,1995,9625884259,Sonair,kvaynedv@wordpress.org,qZ6!jO(guR
883,Vitoria,Favela,25,Non-binary,Konklab,1993,6274218187,Tres-Zap,vfaveladw@arizona.edu,vJ9}0FWH5K(
170,Brina,Ruslen,28,Female,Trippledex,1993,1415094025,Rank,bruslendx@prlog.org,"mW5""{?a=)7e/4J"
660,Loydie,Checkley,33,Male,Bigtax,2003,9035741912,Tresom,lcheckleydy@cbsnews.com,"iT5'|,+H*}e"
996,Matti,Trotton,30,Female,Keylex,1991,9149695241,Quo Lux,mtrottondz@go.com,uL1%\P157o'H
610,Lyndell,Joinson,23,Female,Rank,2009,9224831559,Subin,ljoinsone0@altervista.org,qQ8_0S&/\I$9
618,Muffin,MacKnocker,26,Male,Bytecard,2005,1821264172,Ventosanzap,mmacknockere1@bandcamp.com,xS0)@!6LrAv
730,Ugo,Toothill,23,Male,Fixflex,2002,1268871329,Otcom,utoothille2@reddit.com,rM0~3+{m=SfqEm%f
618,Jase,Hann,33,Male,Tresom,2008,1204895499,Tempsoft,jhanne3@gmpg.org,iL4*o/%e@
320,Langsdon,Easlea,26,Male,Latlux,1986,4622834542,Quo Lux,leasleae4@theguardian.com,nM5(wHU&4
823,Andree,Classen,32,Female,Subin,1997,6245786448,Cookley,aclassene5@bloglines.com,iG6$I|0P4?(
946,Clemence,Fewster,34,Female,Sonair,1998,6592856392,Sonair,cfewstere6@cbslocal.com,aS8&4D~uUp1Ce0e
63,Cayla,Carnock,23,Female,Alphazap,1973,5659882957,Hatity,ccarnocke7@tinyurl.com,sP8)O.qE
217,Joanie,Bruneton,35,Female,Asoka,1988,2165303733,Vagram,jbrunetone8@altervista.org,sG4(`$XGu.Tx{~A
727,Zita,Bastable,33,Female,Tres-Zap,2004,1104688156,Transcof,zbastablee9@chron.com,aH4+ql'*I54c
868,Winnie,Wyne,32,Male,Voltsillam,2012,9567439489,Cardguard,wwyneea@nationalgeographic.com,pJ5$}J_jeibs
890,Gasparo,Quantick,23,Male,Asoka,1994,1931239906,Regrant,gquantickeb@bbc.co.uk,iD6<2cC{<
769,Stefania,Cale,22,Female,Sonair,1963,5979110434,Zamit,scaleec@marriott.com,"bV1""tuVYFU`>X"
178,Eveleen,De Gregoli,22,Female,Keylex,1995,5098253537,Alphazap,edegregolied@kickstarter.com,tN9/epj2
19,Shirl,Durnall,28,Female,Kanlam,1988,4991145486,Bitchip,sdurnallee@washingtonpost.com,hG0.DT>uj>Q.q!f
382,Almeda,Rogger,35,Female,Y-find,1985,3601462549,Quo Lux,aroggeref@ehow.com,sJ4/f.E2pC7Egk
598,Dayle,Goggins,32,Genderfluid,Transcof,1987,4905505895,Tresom,dgogginseg@wunderground.com,"uQ0+Dh8BRr,p2)"
169,Hartwell,Ioannou,35,Male,Zoolab,2000,7594031805,Lotstring,hioannoueh@businessweek.com,xQ2<LzZk%Sk<oT5#
933,Seka,Benezet,26,Female,Zoolab,1995,7671794881,Asoka,sbenezetei@wiley.com,hE8$2af)TG$xrn
313,Bronnie,Ketchell,24,Male,Span,2004,9357730907,Hatity,bketchellej@ovh.net,lU4'.DIRN
839,Curt,Kimblen,25,Male,Voltsillam,1992,5007501029,Stim,ckimblenek@upenn.edu,nJ0|r+zD
335,Zarah,Sewall,27,Female,Bitchip,2009,7497378167,Zontrax,zsewallel@sourceforge.net,pW5!$5)6RU4=v
875,Ron,Pridham,33,Genderfluid,Greenlam,2006,6904663950,Kanlam,rpridhamem@google.com.br,eJ6%\~}5}zkAX
671,Nerita,Ipsly,26,Non-binary,Alpha,1984,1805405548,It,nipslyen@pinterest.com,"xV8+""@he"
344,Meris,Huish,32,Female,Sonair,2006,3598883860,Treeflex,mhuisheo@hexun.com,qZ6=BeyXB
904,Lauritz,Garoghan,22,Male,Mat Lam Tam,2002,7047021457,Kanlam,lgaroghanep@cisco.com,dX4`*liIVNQtA
220,Olympia,Ponnsett,29,Female,Duobam,2008,4472205925,Job,oponnsetteq@oracle.com,hQ9?/z(`O?/
779,Renae,Elijah,23,Female,Konklab,2009,7244560451,Konklux,relijaher@illinois.edu,tH7`g022
128,Farley,Stenbridge,27,Male,Voyatouch,2006,4846918927,Treeflex,fstenbridgees@nsw.gov.au,rN8}4@uiolt)gPI.
734,Cyndi,Munro,23,Polygender,Viva,2009,9281995423,Vagram,cmunroet@printfriendly.com,tY2{M/YaA9S4
885,Anders,Ascraft,34,Male,Redhold,1988,5257326755,Job,aascrafteu@newsvine.com,"fS0)4z%,ZO4bzQ7"
643,Humfrid,Trusty,27,Male,Matsoft,2011,7531452554,Domainer,htrustyev@engadget.com,zD7)4`5.J@5
632,Jamill,Standrin,26,Polygender,Flowdesk,2012,8698251951,Konklab,jstandrinew@yahoo.co.jp,fW5?19#s>BCS5*m
51,Aubert,Haversum,34,Male,Subin,2010,6531861923,Bigtax,ahaversumex@t-online.de,uQ9=}X`2X
865,Estrellita,Pinilla,32,Agender,Daltfresh,2003,1365687288,Vagram,epinillaey@cloudflare.com,zM3&Kr/L~<
98,Syd,Cuppleditch,34,Male,Prodder,2008,9813442000,Redhold,scuppleditchez@i2i.jp,"hQ3""op!Ud.X>V"
224,Liz,Charity,25,Female,Zamit,1967,6097299428,Job,lcharityf0@hatena.ne.jp,xX4_P$56D9$|M
755,Elbertina,Philipart,33,Female,Trippledex,1996,7688820529,Zamit,ephilipartf1@elpais.com,wL0)29njp%S
581,Giacinta,Truran,26,Female,Rank,1988,1442683784,Span,gtruranf2@biblegateway.com,xR8_5aaSylXDK_&
347,Kalli,Hammersley,29,Female,Prodder,2009,7333874511,Stronghold,khammersleyf3@seesaa.net,rC6|BYhey4+5T
285,Lissie,McGooch,26,Female,Matsoft,2010,5146097570,Trippledex,lmcgoochf4@fotki.com,wH8#VXWY
779,Reece,McShirrie,26,Male,Konklab,2012,6252177025,Trippledex,rmcshirrief5@usda.gov,cM1)66z'
52,Tobe,Kilfeather,25,Female,Solarbreeze,2002,8073822892,Zontrax,tkilfeatherf6@stanford.edu,"cI7<Pr/KV+YhZe,"
138,Lucias,Kareman,23,Male,Voyatouch,2000,3361113104,Matsoft,lkaremanf7@princeton.edu,rL4~.YCHyw%%_+vF
175,Etan,Dod,23,Male,Tampflex,2012,1833500052,Job,edodf8@printfriendly.com,oV2|?vIDhgz<
511,Joseito,Rainger,30,Agender,Ronstring,1992,9049476610,Bigtax,jraingerf9@eventbrite.com,fF3{w!RlYUvgI
422,Sherlocke,Balaisot,33,Male,Quo Lux,2001,6011525813,Cookley,sbalaisotfa@wordpress.org,"vA7%_eH=,"
369,Jodie,Fairbourn,28,Male,Sonsing,1987,4212987644,Opela,jfairbournfb@technorati.com,fN0%ohbTju<M
191,Mindy,Stanmore,35,Female,Y-find,1996,5236748761,Bigtax,mstanmorefc@booking.com,"nV0,JEl!h3Zz"
451,Silvanus,Gurnee,29,Male,Zathin,2002,3362717153,Prodder,sgurneefd@flickr.com,uG4+~c\Td&
840,Romeo,Pretious,30,Male,Flexidy,2012,2351871662,Y-Solowarm,rpretiousfe@yahoo.co.jp,bH5?Sp|)4r
652,Nari,Giacovetti,35,Genderfluid,Asoka,2010,4523888818,Cookley,ngiacovettiff@github.com,jC5}`o@%<7?N*##P
65,Georgianne,Grimstead,27,Female,Konklux,2008,4335492252,Ventosanzap,ggrimsteadfg@mac.com,nJ9}`vALTK_Ju
347,Britni,Ginnell,34,Female,Y-find,1994,1561525322,Biodex,bginnellfh@joomla.org,jW2#LpUF
661,Anastassia,Rotlauf,32,Female,Kanlam,1987,7551149866,Keylex,arotlauffi@google.it,"rS1,QO196qB5<"
308,Allister,Iveagh,29,Male,Zaam-Dox,1997,9098447284,Home Ing,aiveaghfj@whitehouse.gov,hG4=3`D)OR
163,Dina,Wyldbore,26,Female,Job,2007,4352724211,Andalax,dwyldborefk@mozilla.org,"mP3""?SOE,rzmc"
13,Olivia,Birdwistle,26,Female,Gembucket,1992,2199094179,Stim,obirdwistlefl@prlog.org,dM2?6<xXM5
231,Chickie,Pottberry,28,Male,Sub-Ex,2001,8521562124,Flexidy,cpottberryfm@indiegogo.com,dI9>pip01Gr
205,Gram,Hulles,30,Male,Viva,2006,1616965893,Fix San,ghullesfn@google.com.hk,uY2_8gpI34i$.6(
876,Rosella,Sumnall,26,Female,Sub-Ex,1995,8291525027,Ventosanzap,rsumnallfo@discuz.net,sC0&`PEMyZT
272,Evy,Dungay,26,Female,Daltfresh,2011,4644955958,Y-Solowarm,edungayfp@earthlink.net,sZ0~L*2.%x&/yN
310,Ignacius,Wille,30,Male,Flowdesk,1986,3865383436,Stringtough,iwillefq@theguardian.com,oX1`_P{|iG*
144,Adelina,Silkston,30,Female,Bigtax,2009,7734594359,Konklux,asilkstonfr@twitpic.com,iJ0$)o+sTqY
708,Leigh,Whorlton,32,Male,Treeflex,2004,2512692203,Vagram,lwhorltonfs@deliciousdays.com,"nR9*""})ljUF'|5"
965,Donalt,Bramo,22,Male,Daltfresh,2010,5543867388,Asoka,dbramoft@nbcnews.com,eR6#aLGT/me190/B
81,Angelo,Foss,35,Male,Y-find,2012,4868407810,Daltfresh,afossfu@ask.com,uM7=xzf)
779,Wakefield,Westphalen,30,Male,Flowdesk,1977,1492949903,Bytecard,wwestphalenfv@baidu.com,gF7##n/$+&~
199,Car,Gatenby,28,Male,Stringtough,2002,2344305683,Domainer,cgatenbyfw@dailymotion.com,qF8=\ty_jJmtzN
207,Glyn,Spittal,25,Male,Biodex,2001,4888989141,Zoolab,gspittalfx@pagesperso-orange.fr,wW6?`P=UfZQ3Y
102,Merlina,Sedgemore,32,Female,Bamity,2003,7322507254,Zamit,msedgemorefy@skyrock.com,xX4>0xEv7Io?~hX
796,Winslow,Lalley,31,Male,Fix San,1994,4048598363,Voltsillam,wlalleyfz@cbsnews.com,"oB9##J9cb""SX"
48,Chico,Scawn,25,Male,Bamity,2009,2072931975,Namfix,cscawng0@gizmodo.com,zC7=#~cp`h
416,Irvine,Pudge,29,Male,Cookley,1985,8304250531,Zathin,ipudgeg1@blogspot.com,oZ7|m}y7Q+jD&lsc
374,Bealle,Brownstein,24,Male,Greenlam,2010,5278888108,Hatity,bbrownsteing2@rediff.com,"pD2|1O7X.""EGWte#"
151,Ross,Hannay,33,Male,Fixflex,1989,4575226302,Daltfresh,rhannayg3@fotki.com,"iZ7<,Lz~6"
232,Loise,Gherardelli,35,Female,Zontrax,1991,8504821645,Latlux,lgherardellig4@chron.com,lX2(e$CqOAlN\Io
592,Cherie,Anscott,24,Female,Stringtough,1989,9165327985,Voltsillam,canscottg5@cam.ac.uk,rP1#6e#(&q%F0Wr
876,Grantham,Krollmann,28,Male,Stringtough,1994,1917629545,Matsoft,gkrollmanng6@nih.gov,wE1%!OU5vS$xPNi
949,Lindsy,Yanshonok,25,Female,Duobam,2012,2625146071,Namfix,lyanshonokg7@nhs.uk,"xC6%""QHMf0'ikWj"
774,Elli,Ricoald,35,Female,Voltsillam,2008,1308584368,Hatity,ericoaldg8@youtube.com,"cF0*eRC,ik~"
782,Gavrielle,Aldham,31,Female,Tres-Zap,1987,7463777793,Y-Solowarm,galdhamg9@craigslist.org,iJ4=ncp0}lnr_%R`
289,Griffie,Klambt,30,Male,Gembucket,1987,3574902605,Subin,gklambtga@com.com,"eA0}Aht1ml""#W.H"
313,Meta,Hain,23,Female,Fix San,2008,6242546368,Veribet,mhaingb@vk.com,"mK9.`=""Izl"
137,Jephthah,Methven,31,Male,Regrant,1998,1005449039,Biodex,jmethvengc@msn.com,"uM9""we$\r/JUQd"
635,Jerry,Emptage,22,Non-binary,Zamit,2003,6544706328,Rank,jemptagegd@omniture.com,nD2|p*P}/
163,Kayla,Cropton,26,Female,Home Ing,1995,6424065890,Cardify,kcroptonge@scribd.com,cN1\TM$\2X9LJtl
46,Verge,Kyllford,32,Male,Bigtax,2002,4061505123,Tresom,vkyllfordgf@forbes.com,"fV0$82bBf3""xD"
351,Kacey,Silmon,23,Female,Tresom,2004,1575506703,Treeflex,ksilmongg@umich.edu,"bZ5#=N{<Wf$""_&YP"
550,Avigdor,Seyers,32,Male,Zathin,2011,6164356819,Zoolab,aseyersgh@baidu.com,"vC4#l`.,.v"
408,Lloyd,Matusevich,32,Male,Y-Solowarm,1995,8043952381,Sub-Ex,lmatusevichgi@is.gd,"oS7""|3)fx5"
699,Kent,Arundale,30,Male,Andalax,1997,9961738711,Holdlamis,karundalegj@chicagotribune.com,oP0\/?Zh
818,Estel,Cotes,25,Female,Redhold,1997,1821978771,Ronstring,ecotesgk@last.fm,aM3@NJ5k~(B6\c
731,Osgood,Stanford,31,Male,Cardify,2010,1788792645,Stim,ostanfordgl@nasa.gov,"dI8(a`xjU,"
248,Homerus,Marsland,32,Male,Matsoft,2004,6013268906,Y-find,hmarslandgm@hhs.gov,zU8_oVFLS
187,Kalil,Greenrde,26,Male,Regrant,2001,8766256450,Bigtax,kgreenrdegn@biblegateway.com,cD4_Q..hIoN
481,Kara-lynn,Stirgess,25,Female,Domainer,1977,5351328359,Transcof,kstirgessgo@psu.edu,lA3}_=)g?t*e)I
727,Roderic,Jeandel,28,Male,Zamit,2005,1706487718,Cardify,rjeandelgp@scribd.com,"qX9){R,l"
110,Adela,Clapp,28,Female,Zaam-Dox,1993,5366332971,It,aclappgq@pbs.org,tJ1\4}>Pnbr!
953,Eldin,Threader,29,Male,Konklab,2013,9673474106,Asoka,ethreadergr@paypal.com,nC5!Ofl?bMa
890,Worden,Melbourn,35,Male,Holdlamis,1987,1604523315,Lotstring,wmelbourngs@wisc.edu,xJ8!N}~r
943,Jacqui,Clitheroe,26,Female,Sonsing,1991,2695189475,Voltsillam,jclitheroegt@cornell.edu,fX0%qw<u3>%Qh\
264,Allianora,Christofe,32,Female,Cookley,2009,6534201877,Stim,achristofegu@seesaa.net,"aJ6@6Dkp""sGCO4"
258,Prisca,Insworth,35,Female,Tres-Zap,2000,1363705206,Fintone,pinsworthgv@washington.edu,vN4}6EjHOA_
122,Barnett,Lorenzetti,31,Male,Stronghold,2009,2324932894,Aerified,blorenzettigw@berkeley.edu,vA0`LhRul9{
464,Alaric,Gerrell,27,Male,Toughjoyfax,1999,9922333704,Fixflex,agerrellgx@homestead.com,yT8%TyZNsffR{
592,Jolee,Matteuzzi,25,Female,Span,1993,8686922585,Fixflex,jmatteuzzigy@dot.gov,wN7.|ahXU
544,Angie,Lundberg,35,Male,Tresom,2003,4058908277,Sub-Ex,alundberggz@reference.com,bV0#n@vp
319,Vin,Goodlatt,28,Male,Keylex,2003,5093853499,Konklux,vgoodlatth0@who.int,rL6_@sQ2zCr~<
428,Jocelin,Eliot,24,Female,Namfix,2011,3307059538,Stringtough,jelioth1@ustream.tv,gB5>37.IZw
386,Bonny,Laviste,22,Female,Y-Solowarm,2008,5812853474,Zamit,blavisteh2@163.com,"wN4<U{F4>2((""Bs"
594,Jerrie,Sanney,24,Female,Tempsoft,2001,6765368885,Holdlamis,jsanneyh3@hhs.gov,rF1&lIuQq
432,Torre,Busson,34,Male,Lotlux,1991,6023297818,Vagram,tbussonh4@is.gd,"vU3<$Mq0/+""r."
717,Aloisia,Frotton,33,Non-binary,Viva,2001,7528864852,Bytecard,afrottonh5@studiopress.com,cT1#'Fm=#moYw7(
756,Fritz,Ivchenko,23,Male,Namfix,1998,1199872068,Pannier,fivchenkoh6@mysql.com,eA5~n_e0#{
771,Clarabelle,Tevelov,26,Female,Bytecard,1992,6788316761,Asoka,ctevelovh7@chron.com,tS3{(RL6E
979,Algernon,Beere,24,Male,Tampflex,2000,6336277648,Stronghold,abeereh8@sogou.com,qQ6)X3bCq{SrR+)
907,Kiri,Stoven,33,Agender,Span,1993,7101891248,Tres-Zap,kstovenh9@liveinternet.ru,yQ5%3~1rGx
859,Celine,Hallett,34,Bigender,Konklux,1998,8781555043,Hatity,challettha@marriott.com,"gC0`,)!KR{"
786,Kristel,Bacchus,29,Female,It,2005,8634575662,Stringtough,kbacchushb@prlog.org,cG5{~+'YT%2`_URf
940,Roslyn,Witson,25,Female,Veribet,2006,2515923664,Viva,rwitsonhc@umich.edu,"pQ9,BQ\%9sN\"
413,Marcello,Piaggia,26,Male,Transcof,2011,2969966152,Y-Solowarm,mpiaggiahd@army.mil,qO4$kJ0Y7Q5
483,Buddie,Abdey,25,Male,Solarbreeze,1994,9081090185,Mat Lam Tam,babdeyhe@furl.net,nB3*)?WzhCqas
637,Traver,Crichmer,33,Male,Bamity,1997,7121372879,Bytecard,tcrichmerhf@dell.com,rW2{Ok?rxiL#5aE
175,Patricio,Wison,26,Male,Sonsing,1993,3684578750,Temp,pwisonhg@vistaprint.com,jD4|.9XqIaIrF4
587,Piper,Barnet,24,Female,Temp,2000,8601271752,Domainer,pbarnethh@nationalgeographic.com,lV5|7Y|gQLS!nqGf
677,Roarke,Blanch,30,Male,Biodex,1996,8047611609,Opela,rblanchhi@wisc.edu,nH2%Cvn|6w4ggm/A
19,Duane,Legonidec,23,Male,Lotlux,1996,4971239836,Bytecard,dlegonidechj@microsoft.com,gY8{g8%8`VeM
804,Bobbie,Semorad,28,Male,Konklux,2009,7907136807,Ronstring,bsemoradhk@qq.com,kD5/&{l8xQ
796,Graham,Scini,33,Genderfluid,Tin,2007,6622628927,Stringtough,gscinihl@t.co,xE4+zS}_AI$
265,Greg,Leadston,34,Male,Hatity,1993,3198016866,Solarbreeze,gleadstonhm@infoseek.co.jp,jW6'm5np
19,Lotti,Martijn,26,Female,Zontrax,2003,2048496602,Toughjoyfax,lmartijnhn@wix.com,zV0|4MQ5'=hn
610,Jean,Dayes,34,Female,Solarbreeze,2009,4874288345,Kanlam,jdayesho@eepurl.com,"zQ7""""Zmk(4{49_y"
594,Amberly,Hammerton,27,Female,Alpha,2011,3887938054,Cardguard,ahammertonhp@rediff.com,uC8_G!ll\3
753,Rube,Farragher,22,Male,Greenlam,2011,9272084503,Home Ing,rfarragherhq@salon.com,uL9}qRuR
741,Sinclair,Waddilove,26,Male,Greenlam,1996,4158252139,Andalax,swaddilovehr@icio.us,mV6><_#jMVy*`G
401,Hamlin,Hulme,25,Male,Voltsillam,1979,2114716110,Cardguard,hhulmehs@sogou.com,"bE1$rnS"""""
720,Merle,Brookfield,31,Polygender,Namfix,1988,6202721887,Cardify,mbrookfieldht@cpanel.net,bX4)AaOnVvA
466,Ned,Hatz,35,Polygender,Wrapsafe,2011,7134301588,Regrant,nhatzhu@zimbio.com,oS7{<inOHiM
480,Louis,Mackro,30,Male,Toughjoyfax,1998,9381741107,Duobam,lmackrohv@instagram.com,oG5}m@v_
610,Rodger,Clawley,26,Male,Konklux,2003,8689590257,Job,rclawleyhw@mayoclinic.com,zT5*0&..\6
552,Oberon,Devonport,34,Genderqueer,Overhold,2010,3806097088,Cardguard,odevonporthx@g.co,eH1~}Lyk9Pz
399,Alisun,Storah,32,Agender,Stringtough,2008,4512591550,Veribet,astorahhy@live.com,nI4#+MCzr.'G5zA>
563,Gannie,Boome,25,Male,Transcof,1995,2401063550,Toughjoyfax,gboomehz@wikipedia.org,qY8=%Iz8AzV@
179,Amalie,Burnand,23,Female,Redhold,2008,3353936938,Zaam-Dox,aburnandi0@blogger.com,iJ5|vM%>
994,Sergent,Mc Comb,23,Male,Span,1998,4689874048,Trippledex,smccombi1@privacy.gov.au,nU3|v$_fl{jbdS
798,Tootsie,Flack,34,Female,Stringtough,1994,3269820434,Konklab,tflacki2@imdb.com,aP1$L&Y=l8
487,Anestassia,Izzatt,35,Female,Temp,2005,1509484618,Tempsoft,aizzatti3@washingtonpost.com,cJ3_d=PDN+|@Bs\!
322,Cesya,Iacabucci,32,Female,Bigtax,2005,3338159620,Domainer,ciacabuccii4@shutterfly.com,"zA5<uu""i~"
818,Kissee,Secker,25,Female,Y-Solowarm,1992,6256859854,Flowdesk,kseckeri5@dropbox.com,eD0=|Mni
176,Kean,Luc,31,Male,Aerified,1987,5233924115,Tresom,kluci6@census.gov,"sW2""<CShVA)"
239,Giraldo,Connachan,23,Non-binary,Toughjoyfax,2007,6457172582,Alpha,gconnachani7@nifty.com,dW4_\o3nMPV'!`)
708,Zsazsa,McNeachtain,28,Female,Y-Solowarm,2000,1984282978,Domainer,zmcneachtaini8@businessinsider.com,"sP2""6@~j"
714,Inge,Crackett,24,Female,Tresom,1995,2653569499,Bytecard,icracketti9@alexa.com,aN6`oPAup9TY!
627,Karyn,Harryman,28,Female,Temp,1997,4425286143,Ventosanzap,kharrymania@hhs.gov,aX3}>5?pJ
69,Trey,Houselee,23,Male,Duobam,2009,4759048194,Latlux,thouseleeib@ovh.net,hT6&YLdq+idv
456,Stacie,Le Page,24,Female,Sonair,1995,4449549684,Tres-Zap,slepageic@liveinternet.ru,xQ4+xqT'/5*
378,Tait,Harvie,27,Male,Hatity,2005,4088146115,Span,tharvieid@yolasite.com,"bD4,_A,7__icb"
222,Trish,Heathcoat,33,Female,Span,2011,1678600524,Alphazap,theathcoatie@cloudflare.com,pN7@Xru#s.35ou*
977,Renado,Townshend,32,Male,Gembucket,2001,9674790566,Alphazap,rtownshendif@flickr.com,bK6@Wt4MO2!O
554,Jodee,Shimmans,26,Genderqueer,Matsoft,2011,2656066525,Span,jshimmansig@fotki.com,nF0*)%0\KKQg&_jn
384,Johnette,MacCartan,24,Female,Treeflex,2009,8264866387,Ronstring,jmaccartanih@theguardian.com,"uF7@Zgrz,<"
387,Elaine,Rean,23,Female,Tampflex,1990,6943352415,Konklab,ereanii@thetimes.co.uk,hQ3<Axro6r/tr?(J
18,Evy,Summergill,24,Female,Flowdesk,2012,3528492416,Sonair,esummergillij@webeden.co.uk,aB2>c5t=N9Oox}Y
354,Graig,Halso,22,Male,Sonair,2010,3041562486,Bitwolf,ghalsoik@google.ru,pZ8\LP0(/aH4
290,Madelyn,Rive,30,Female,Wrapsafe,2008,2865305421,Trippledex,mriveil@altervista.org,qO0{\zSY
651,Helaina,Ankers,30,Female,Asoka,2005,7829026281,Alphazap,hankersim@google.co.uk,rV0\C$S8l
970,Maxwell,Binnie,24,Male,Y-find,2003,1669017126,Job,mbinniein@cnbc.com,xV5)iZvk=j
856,Hyman,Filipov,28,Male,Cardify,2012,4838528392,Voltsillam,hfilipovio@acquirethisname.com,uM7|t}iVZ
217,Oriana,Maulkin,33,Genderfluid,Bitwolf,1995,1476801009,Alpha,omaulkinip@dropbox.com,"bD9""=Op8sYL_fI"
811,Lisa,Joy,30,Female,Zamit,1996,6345196069,Keylex,ljoyiq@pen.io,xS4/<$jLQ
512,Jesus,Barke,35,Male,Holdlamis,1990,5291119321,Toughjoyfax,jbarkeir@networksolutions.com,uN7$m1TB*//Zv?
916,Lilah,Robilliard,25,Female,Tresom,1993,6048111517,Alpha,lrobilliardis@edublogs.org,yT9)zbU`{TDS2id
70,Bev,Zeale,29,Male,Mat Lam Tam,1992,6798304177,Job,bzealeit@elpais.com,tI5.\'kvo
451,Bale,Goldhill,31,Male,Konklab,1996,1342506598,Bigtax,bgoldhilliu@state.gov,"wG0!sKn9}""z"
867,Byram,Pitchers,27,Polygender,Stronghold,1994,3185337639,Y-find,bpitchersiv@com.com,jQ9}*3XIru3SQiA
730,Erek,Rowsell,29,Male,Stronghold,1986,9147513079,Zontrax,erowselliw@accuweather.com,"qN0#'8,TrX`E?x/"
102,Nelia,Hune,35,Female,Home Ing,2004,8225355582,Tresom,nhuneix@cocolog-nifty.com,rV7)($>!<XJqQ`
789,Micaela,Sute,22,Female,Voyatouch,2004,4962597420,Hatity,msuteiy@acquirethisname.com,zI0}1jv!0u
7,Gayler,Breston,31,Male,Cardify,2006,1462542339,Tres-Zap,gbrestoniz@sun.com,vM4!2tgpvMl1
309,Gherardo,Seville,25,Male,Quo Lux,2001,2769528236,Redhold,gsevillej0@odnoklassniki.ru,lC8?NF8KC+0&s)8)
800,Cordelie,Kemwal,24,Female,Aerified,2006,8568010888,Stim,ckemwalj1@loc.gov,bC8{HBrI
913,Edeline,Traves,31,Female,It,1992,6816117126,Vagram,etravesj2@businessweek.com,vZ2?#v)Dp
8,Berkeley,Olenikov,30,Male,Y-Solowarm,2009,1633713755,Greenlam,bolenikovj3@feedburner.com,uJ1'`q7mQTODRYm
688,Tracy,Andrez,30,Male,Tampflex,2012,6073424832,Trippledex,tandrezj4@yellowpages.com,qL5+Tnia
126,Horton,Keslake,30,Male,Keylex,2006,6363606770,Greenlam,hkeslakej5@issuu.com,oQ8`FmwzFByb3z
974,Henriette,McGawn,31,Agender,Opela,2011,7449944184,Flexidy,hmcgawnj6@angelfire.com,gU2)pmBL)
437,Chuck,Back,22,Male,Tampflex,2005,3296459583,Rank,cbackj7@hatena.ne.jp,"fL2{uV"","
498,Noellyn,Weavers,30,Female,Tin,1997,8852881617,Konklab,nweaversj8@homestead.com,nT2'4yz`F>
386,Merrili,Channing,26,Female,Lotstring,1986,4192419464,Andalax,mchanningj9@bloglines.com,"zY2$Jc0*$*,lY"
568,Clemmy,Rawlings,23,Female,Keylex,2002,9136324611,Flowdesk,crawlingsja@icio.us,wH1.bk51o!
999,Winni,Bicksteth,31,Female,Fix San,1966,2021404775,Duobam,wbickstethjb@shutterfly.com,cS4\yhnY
97,Anabel,Fearn,31,Non-binary,Zamit,1988,2595963702,Fixflex,afearnjc@acquirethisname.com,vA1(YKvGM
583,Jim,Twiddell,34,Male,Bitchip,1996,2855785736,It,jtwiddelljd@multiply.com,bD9<cnks
270,Debor,Martinello,25,Female,Bitchip,2003,7083600252,Stim,dmartinelloje@gmpg.org,nL7}D!KM~
656,Kariotta,Tighe,29,Female,Treeflex,2010,5695595594,Namfix,ktighejf@cornell.edu,kR2#*EZLp
798,Chicky,Thominga,23,Male,Span,1995,2357882090,Zamit,cthomingajg@netvibes.com,gD2.sOQRFRAK
832,Hogan,Richly,25,Male,Bamity,2006,4395436541,Fix San,hrichlyjh@angelfire.com,xV2{>Z2Jhh
403,Bengt,Conaghy,24,Male,Overhold,1995,3979821535,Sub-Ex,bconaghyji@booking.com,bN2(#+?#WpRv'L=4
342,Jaynell,Bank,23,Female,Bitwolf,1992,1601618678,Fixflex,jbankjj@bravesites.com,"lV5#Ft1b{*Im""F"
963,Rab,Annon,28,Male,Latlux,1984,2381365807,Vagram,rannonjk@t.co,gL6)D9u(`J<&VKR0
645,Idell,Lomb,34,Female,It,1997,7364179143,Subin,ilombjl@forbes.com,tM2?~TG(.
166,Free,Pittet,33,Male,Namfix,2007,4401579495,Rank,fpittetjm@bloomberg.com,kI5\7VK2VtWJ>`
750,Birdie,Headley,23,Female,Solarbreeze,1992,6341887930,Job,bheadleyjn@delicious.com,sH1?vt4ad2oP
343,Chrysa,McTear,31,Female,Lotlux,1996,4536852893,Konklux,cmctearjo@de.vu,fE0%&J3C
734,Morris,Tuddall,30,Male,Hatity,2012,6066286081,Bitchip,mtuddalljp@flickr.com,tT7%qN?`{|5&gA1I
729,Henrik,Hrycek,27,Male,Latlux,2012,5958999816,Voltsillam,hhrycekjq@fema.gov,"fT9<5OZdn,5+A(5"
534,Maribeth,Sorro,30,Female,Sonair,1999,4127803527,Latlux,msorrojr@epa.gov,aV6`8iczu7togA
731,Gladi,Shirtliff,31,Female,Cardguard,2009,1952482664,Vagram,gshirtliffjs@un.org,fC5?R8izW
799,Bradley,Thrush,32,Male,Zathin,2002,5088416536,Aerified,bthrushjt@shinystat.com,vS9{Ffney=}
89,Frederich,Orford,22,Male,Alphazap,2007,6048729053,Flexidy,forfordju@netscape.com,"xW7""#mx|0<"
650,Nicol,Joynes,33,Female,Ventosanzap,2006,1832477522,Aerified,njoynesjv@simplemachines.org,hU9>@<B!kZ
243,Kay,Lindenman,24,Female,Zoolab,1997,4121593652,Fintone,klindenmanjw@stanford.edu,"oN5/`D_qiejB6"""
515,Spence,Scarlan,24,Male,Holdlamis,1999,4265474322,Gembucket,sscarlanjx@sun.com,cU9$aLpOwyX*$
109,Emmy,Matyashev,29,Male,Asoka,1996,3902218715,Daltfresh,ematyashevjy@constantcontact.com,cP3=w?vI`?)
826,Town,Berthelmot,24,Male,Keylex,2001,5327993601,Viva,tberthelmotjz@storify.com,jH4*#SrK6}qVm
647,Delmore,Manwell,33,Agender,Cookley,2011,8475227729,Sub-Ex,dmanwellk0@apache.org,aR5_XM#0H`2cR
725,Elinor,Anthoin,29,Female,Toughjoyfax,1990,3242899422,Regrant,eanthoink1@ft.com,sT5!YlzG@<E~r
848,Cart,Dignall,26,Male,Quo Lux,1991,4088398367,Bamity,cdignallk2@histats.com,hN5~6p#yp6\vKE7
726,Shandra,Ranaghan,29,Female,Sub-Ex,2003,2958529247,Namfix,sranaghank3@go.com,oD7(iv'gGT
142,Reid,Balderston,33,Male,Sub-Ex,2002,8667120037,Veribet,rbalderstonk4@google.cn,"eS2!=""A3nf6y"
397,Kelley,Kliner,28,Male,Span,1993,3095176192,Holdlamis,kklinerk5@dropbox.com,zL3~BYJ}<uZ
631,Vaclav,Samet,25,Male,Zathin,2002,5221829819,Ventosanzap,vsametk6@soundcloud.com,"wF3%N$1,o"
630,Glenden,Carding,24,Male,Bamity,2008,4683168610,Sonsing,gcardingk7@deviantart.com,iT2#.\EBsvxT
807,Janette,Adamczewski,27,Female,Biodex,2004,6375336589,Trippledex,jadamczewskik8@rakuten.co.jp,gE2~`V>&ZW+z
69,Odell,Fieldsend,33,Male,Cardify,1991,1792101123,Duobam,ofieldsendk9@about.me,nW3.3+6&\NMl>
670,Tonnie,Stacey,34,Male,Y-Solowarm,2007,9792121080,Flexidy,tstaceyka@ycombinator.com,fK8*_g/p
832,Juliann,Duckham,29,Female,Bitchip,1999,6938171446,Biodex,jduckhamkb@stanford.edu,mJ6*'HULNn
223,Gwenora,Darrington,35,Female,Alphazap,1985,6584607423,Asoka,gdarringtonkc@pagesperso-orange.fr,"pK5,XQ*un'.Z"
384,Marcello,Gosnold,30,Male,Sub-Ex,2000,4837579673,Konklux,mgosnoldkd@nih.gov,tF5$*baf6#/
49,Karl,MacCaughey,24,Genderqueer,Greenlam,2000,5368389787,Quo Lux,kmaccaugheyke@cisco.com,wF1*3Fepze
883,Henry,Tuppeny,32,Male,Transcof,1996,5611421366,Ronstring,htuppenykf@dagondesign.com,"zK2<F,ffz2xP"""
1,Pablo,Godier,26,Non-binary,Bamity,1997,8577954531,Lotlux,pgodierkg@exblog.jp,"zX3\VkK7sVW""%"
126,Lynette,Hexam,29,Female,Zamit,2009,2487201533,Gembucket,lhexamkh@fema.gov,eB5#)H9}U|
514,Hewett,Blare,25,Male,Home Ing,2003,7694983419,Bitchip,hblareki@flavors.me,tN4'a(|/i
155,Reuven,Ekless,32,Male,Y-Solowarm,2004,8264450262,Sonsing,reklesskj@php.net,"tT2%GdbQ2rp""mI"
332,Ettore,Elletson,24,Male,Lotlux,2012,3666140914,Biodex,eelletsonkk@diigo.com,wZ9+T7hc)k?
93,Guillermo,Gealle,27,Male,Redhold,2012,7092259254,Solarbreeze,ggeallekl@pbs.org,dD8|j*JQ
838,Kerby,Smooth,32,Male,Zontrax,2006,3184641746,Konklux,ksmoothkm@vkontakte.ru,yB5*O)30#tZiuUz
477,Maximilien,Channon,33,Polygender,Keylex,2009,5946637621,Y-Solowarm,mchannonkn@booking.com,zL9`|0hd&
968,Pier,Bridgwood,23,Female,Aerified,2001,5476382233,Bamity,pbridgwoodko@lycos.com,aW0{&oN+E=3Ir}Wr
12,Staffard,McKeller,28,Male,Greenlam,1994,2258234631,Veribet,smckellerkp@upenn.edu,tX3)i*6t
278,Immanuel,Gain,28,Male,Stringtough,1988,9846765116,Keylex,igainkq@upenn.edu,yV1{coX_V
574,Tandi,Remon,34,Female,Opela,1992,1031913223,Bigtax,tremonkr@shareasale.com,iF8.E%_@f
2,Caresa,Hinks,27,Female,Zathin,1998,1417814661,Zathin,chinksks@cbslocal.com,eH1)pd@{RDGU9sE\
863,Herman,Hammerton,32,Male,Mat Lam Tam,1996,3698714217,Aerified,hhammertonkt@berkeley.edu,aW3~`Y>p#bA!
549,Evered,Janus,34,Male,Mat Lam Tam,2009,8251505405,Fixflex,ejanusku@mapy.cz,sY7%<RPd
734,Liz,Plet,34,Female,Job,2004,7506235758,Treeflex,lpletkv@apache.org,lD5~sc1E07al!6V
415,Mayor,Ghidoni,32,Male,Trippledex,1999,5821351403,Span,mghidonikw@ning.com,hC2?a>/#tS\+Wr$C
47,Paige,Daley,24,Female,Fintone,2004,1081402526,Konklab,pdaleykx@hubpages.com,"hM3,yHraP"
585,Jillayne,Rexworthy,35,Female,Pannier,1994,1922962154,Zamit,jrexworthyky@opensource.org,aT1+9UJ=06np|{
708,Cindie,Blomefield,27,Bigender,Sonsing,1994,6878995165,Viva,cblomefieldkz@youtu.be,pI6%P+Rh)cQiFt
331,Marie,Bootell,22,Female,Subin,1992,7372762544,Stringtough,mbootelll0@rakuten.co.jp,rT7\sPKBuFq5JX6
954,Edgar,M'Chirrie,24,Male,Aerified,1994,5166888321,Konklab,emchirriel1@delicious.com,"zQ9'_jZUI"")pc}"
139,Zeke,Shorter,32,Male,Redhold,1986,8187068986,Voyatouch,zshorterl2@fotki.com,"jK4>O'.Q""P"
669,Silvain,Connerry,34,Male,Cookley,2000,9489298855,Overhold,sconnerryl3@sbwire.com,rG8(ED|d{r7'Gbp1
888,Kyle,Peperell,27,Female,Bitchip,1994,5065515051,Stronghold,kpeperelll4@sogou.com,gN9?W6KcJ
894,Derward,Cristofvao,23,Male,Opela,1986,9813563791,Aerified,dcristofvaol5@pcworld.com,"kK9,B76`_&|CgK7V"
91,Bambie,Roskelly,28,Female,Solarbreeze,2012,5823272521,Tin,broskellyl6@princeton.edu,fD7(P=&~C
627,Lenora,Braidford,31,Bigender,Zontrax,1996,2344033559,Matsoft,lbraidfordl7@hc360.com,yH6)S3YpL4_>Rz
595,Ardenia,Tudbald,29,Female,Aerified,1997,6137369160,Ventosanzap,atudbaldl8@ocn.ne.jp,rO0<bTB7`
443,Filberto,Bensusan,24,Male,Vagram,2000,7824630641,Redhold,fbensusanl9@twitpic.com,uZ8&0{G4>b_?
105,Rachel,Lipprose,31,Female,Zaam-Dox,2005,9335774665,Domainer,rlipprosela@studiopress.com,gU1~w=tzn#pj
18,Christel,Detoc,25,Female,Bamity,2012,5022373388,Veribet,cdetoclb@springer.com,lR9+sv!l.!<66
585,Selma,Sayers,33,Female,Matsoft,1996,2436373603,Temp,ssayerslc@sciencedaily.com,sD7@g#L0n$2D
62,Maxie,Warde,28,Male,Tampflex,1999,8498622460,Zathin,mwardeld@com.com,lL4!U~<?bx
161,Trudi,Peyzer,35,Female,Mat Lam Tam,1978,8026083608,Ventosanzap,tpeyzerle@bloomberg.com,nM5$RZn~`EV)
151,Claudia,Coleborn,34,Female,Bitwolf,1999,8135512076,Home Ing,ccolebornlf@bing.com,"xZ7.|9z~,/w8D<=J"
254,Jordan,Dallmann,25,Male,Sonsing,2002,5835745622,Fintone,jdallmannlg@apache.org,eN2'3X@|%SgT6`
672,Rachelle,Corbert,35,Female,Sub-Ex,2001,2395468973,Bigtax,rcorbertlh@hostgator.com,kN7{%\jZl
923,Emmet,Butters,22,Male,Home Ing,2012,1957691149,Opela,ebuttersli@usda.gov,yH8#n>RITj}d&f2j
715,Burton,Robus,26,Male,Aerified,1995,7575018214,Cardify,brobuslj@elegantthemes.com,dO4&TlMj+?kB
415,Aurie,Stormouth,24,Female,Holdlamis,2010,1974491724,Otcom,astormouthlk@meetup.com,lQ4&mJp7
993,Kirk,Vankov,28,Male,Mat Lam Tam,1994,5955213815,Overhold,kvankovll@google.com.au,"pB9,1wFqU"
9,Alejandro,Tassell,30,Male,Bamity,2000,5545775695,Rank,atasselllm@virginia.edu,rG1#6Co<
579,Ardenia,Elbourn,34,Female,Cardguard,2004,7427748694,It,aelbournln@mapy.cz,hL6?'mh'6NRbW
551,Karlens,Behning,24,Male,Overhold,2007,4921413891,Quo Lux,kbehninglo@sphinn.com,"aK5\D""i_9<l7gB"
247,Guss,MacAnulty,33,Male,Mat Lam Tam,2011,5704723936,Opela,gmacanultylp@youku.com,"jS6+,cdm20S2gj7p"
668,Kelsy,Corlett,32,Female,Viva,1999,1677432998,Zaam-Dox,kcorlettlq@businessweek.com,tL6.(ViqiWU.
209,Koressa,Pawson,22,Female,Tin,1985,2067569127,Transcof,kpawsonlr@washington.edu,"eY3""9O$9_WB>d"
714,Johnny,Groundwater,25,Male,Voltsillam,2005,2361441595,Fixflex,jgroundwaterls@businessinsider.com,wA7=|0/2<
762,Cole,Berriman,27,Polygender,Voltsillam,1999,9991418854,Overhold,cberrimanlt@1688.com,cX4.rABN%)I\0b
962,Towney,Ivanishev,32,Male,Konklab,2000,6284006149,Stronghold,tivanishevlu@vimeo.com,hA4}0biinWB/%A?g
95,Teodora,Serris,32,Female,Pannier,1995,7282163295,Trippledex,tserrislv@1und1.de,vF5|ap|rp8~8`N.s
870,Trenton,Copins,30,Male,Flowdesk,1954,2816060025,Mat Lam Tam,tcopinslw@abc.net.au,kI4+hPb$3D)(C`ej
156,Trudi,Titman,26,Female,Span,2000,9777535703,Lotstring,ttitmanlx@telegraph.co.uk,"fW4,UuQY""Q_yutc8"
455,Seline,Huntar,24,Female,Span,1989,1168223955,Voyatouch,shuntarly@issuu.com,"oH2~y_Qf""G10daRs"
558,Cathrine,Eastbury,35,Female,Ronstring,1991,3551198449,Rank,ceastburylz@illinois.edu,lU2'Pt!)nn@T|hm
967,Kelli,Chidler,26,Female,Tresom,2005,4356748507,Asoka,kchidlerm0@foxnews.com,nU8*H@*AArx
911,Anabal,Josiah,28,Female,Fintone,2002,5495594192,Bigtax,ajosiahm1@boston.com,tR1#'8=J#T0
339,Thaddus,Tocher,29,Male,Viva,1987,8222381859,Trippledex,ttocherm2@tumblr.com,pB3{ly7650.!.
743,Michaella,Greatrakes,34,Female,Fintone,2010,9219691618,Tres-Zap,mgreatrakesm3@printfriendly.com,fS3`6RD\X
161,Enoch,Goodlake,32,Male,Treeflex,1999,1937866081,Sonsing,egoodlakem4@fc2.com,xZ0{!NzD
725,Stillman,Pummell,35,Male,Duobam,1997,4453189417,Y-Solowarm,spummellm5@digg.com,kK5&kOLC0DUlX?@
985,Bartie,Paszek,25,Male,Keylex,1994,6918794287,Rank,bpaszekm6@wordpress.org,"eY4@,LuD"
730,Edouard,Shorte,35,Male,Sonair,1995,1757599334,Stronghold,eshortem7@dedecms.com,"sW7&GqQFTF""LRTv"
681,Virginie,Cuncliffe,28,Non-binary,Y-Solowarm,2013,6906499490,Bitwolf,vcuncliffem8@amazonaws.com,aY3.(fP1=!$3!
906,Cris,Mallock,26,Male,Job,1984,1589041435,Veribet,cmallockm9@eventbrite.com,"xC2,uS/GsAKU'KD)"
66,Marice,McGuffie,28,Female,Gembucket,2008,1507571932,Cardify,mmcguffiema@dedecms.com,"mG3(%FMD+,Ea{"
757,Arielle,Coldtart,22,Female,Biodex,2001,8749685703,Opela,acoldtartmb@businesswire.com,"zH5/.NkQ$.?""gMf"
733,Ravi,MacMenamie,23,Male,Span,2012,9236247411,Fix San,rmacmenamiemc@jugem.jp,"eO8,pj{AP*"
930,Mathias,Macklam,33,Non-binary,Fixflex,2009,6654346164,Sonair,mmacklammd@pen.io,aS0/=pnsR
551,Devon,Medina,28,Female,Tresom,2009,2435684997,Asoka,dmediname@mediafire.com,oH6'sAiE7n<bC
521,Clare,Nunan,29,Male,Vagram,2002,7088118714,Wrapsafe,cnunanmf@xinhuanet.com,tM2%IoONg*a`T
264,Humfried,Hookes,25,Male,Trippledex,1998,2695287533,Zaam-Dox,hhookesmg@cocolog-nifty.com,iJ7.)ACw?A2|
878,Janith,Brickner,24,Female,Fintone,2008,5596401950,Latlux,jbricknermh@hatena.ne.jp,oS7/C*WNsgg+Y)
998,Byrann,Stanaway,27,Male,Otcom,1987,7348718441,Redhold,bstanawaymi@pinterest.com,iK9>yT_F.M
196,Valerye,Cracknall,31,Female,Wrapsafe,1992,7861227539,Bamity,vcracknallmj@symantec.com,cH8&o(+a'r}MzvIF
534,Claudianus,Sturm,25,Male,Tin,1996,8826068584,Zontrax,csturmmk@npr.org,uQ7</~m>yIzd+
931,Jule,McCafferky,25,Male,Solarbreeze,1988,7903741079,Zathin,jmccafferkyml@globo.com,tB1}<!~1dLK0
568,Eldin,Hrachovec,33,Male,Cardify,1986,2721808420,Subin,ehrachovecmm@nih.gov,yZ7{oj$3*zN
471,Persis,Burdas,27,Female,Vagram,2002,9094529656,Zaam-Dox,pburdasmn@ucla.edu,jN2}Q>f7tC~@&'j
192,Dianne,Woodwind,22,Female,Y-find,1990,2629965206,Cardify,dwoodwindmo@trellian.com,rG0=/PM&J?YlCbNk
303,Eadmund,Heape,35,Male,Domainer,2013,1158080853,Bamity,eheapemp@cbc.ca,dP3{ax<S87gmKF
900,Sherry,Natwick,22,Female,Tempsoft,1985,3305496333,Alphazap,snatwickmq@barnesandnoble.com,hU8+zj\m
419,Koren,Boyd,28,Female,Tempsoft,1993,1196069401,Y-Solowarm,kboydmr@jigsy.com,zC9?3~L>xwc
293,Arlen,Eloy,24,Male,Zaam-Dox,1988,1605369342,Tempsoft,aeloyms@spotify.com,uM7$q1oB
812,Malissia,Rablan,28,Female,Y-Solowarm,1998,7561197601,Zaam-Dox,mrablanmt@businesswire.com,vD0>`u6oS*1uYl
503,Hill,Donaho,23,Male,Flexidy,2008,7026305328,Redhold,hdonahomu@drupal.org,eH1{$4n=bQ=Tb)W0
509,Corny,Epdell,35,Female,Voyatouch,2012,5167460188,Toughjoyfax,cepdellmv@washington.edu,hQ3|ae}k
429,Alric,Pahlsson,34,Male,Tres-Zap,1988,5431984378,Opela,apahlssonmw@sakura.ne.jp,sD2#v?g'S./sUH7S
396,Genevra,Sutherland,23,Female,Alphazap,2011,3473863884,Tres-Zap,gsutherlandmx@ted.com,aQ3}\Gum'yo
675,Caprice,Didsbury,34,Female,Rank,1991,7024253222,Sub-Ex,cdidsburymy@ucoz.ru,uQ2{>6+8
483,Shawna,Toombes,30,Non-binary,Gembucket,1996,3285454381,Viva,stoombesmz@printfriendly.com,xZ9./jAI)`
637,Katharyn,Crampton,25,Female,Zontrax,1989,9995446468,Redhold,kcramptonn0@soundcloud.com,hH5@18lhf=@T
162,Liesa,Axup,30,Female,Zathin,2001,5451359846,Veribet,laxupn1@pen.io,"fA7_M!Od8',R=`4t"
523,Stillmann,Founds,32,Male,Zoolab,2005,1995456235,Y-Solowarm,sfoundsn2@reddit.com,vQ8%bzU`Qa
291,Alexina,D'Emanuele,29,Female,Sonair,2013,4743186950,Zoolab,ademanuelen3@hhs.gov,bV6|F>L0BAC
7,Casey,Krojn,30,Female,Tresom,2008,7795913051,Zathin,ckrojnn4@vinaora.com,nY3+g&jspd9
268,Nettie,Dabney,26,Female,Matsoft,1995,9325961316,Viva,ndabneyn5@google.ca,yH3<9AN'7iGN$=.V
920,Merrilee,Diss,34,Female,Fixflex,2001,6017269116,Fintone,mdissn6@nasa.gov,bM0_n|qXZ7PTGd
3,Renee,Hardwich,33,Female,Lotlux,1993,1773114191,Andalax,rhardwichn7@godaddy.com,hV6`Ptz3
162,Currie,Delagnes,34,Male,Fixflex,1990,2233766220,Sonsing,cdelagnesn8@fema.gov,"rB5%""XB5GztY6}"
956,Ring,Watman,32,Male,Y-find,2007,1242432711,Asoka,rwatmann9@last.fm,fI6_bm{/Y
292,Chariot,Marling,28,Male,Daltfresh,1997,4446510136,Trippledex,cmarlingna@gmpg.org,wR5&wO1.ra\(
348,Tybalt,Laurenzi,29,Male,Namfix,1990,5373556909,Wrapsafe,tlaurenzinb@jimdo.com,qZ3(p`9/4fse3mby
561,Pammie,Mountain,25,Female,Kanlam,1995,8401265609,Konklux,pmountainnc@utexas.edu,pN6?|?KZP
90,Frayda,Henker,33,Female,Bamity,1997,5209212393,Bitwolf,fhenkernd@bbc.co.uk,xR3@TM._
175,Axel,Gallifont,34,Male,Pannier,2006,3164613483,Quo Lux,agallifontne@ask.com,dU3!1kCR8lijnTx
432,Fey,Fullerd,34,Female,Cardguard,1994,6793807835,Latlux,ffullerdnf@economist.com,oC4}~/lEC
607,Fidelio,Reddlesden,25,Male,Zamit,2000,7116147282,Voyatouch,freddlesdenng@prweb.com,iJ1)`k~|k=FOHvv
15,Katey,Starzaker,28,Female,Ventosanzap,1998,7727823036,Zamit,kstarzakernh@scientificamerican.com,lW9+=_*ZhS
381,Elvis,Beauchop,29,Male,Greenlam,2007,9983359356,Zathin,ebeauchopni@altervista.org,nN7#8pels?Lc
199,Stephine,Becerra,25,Female,Sub-Ex,2001,5349396012,Solarbreeze,sbecerranj@fc2.com,tU6#MG6.Q=LB2_U
105,Gunar,Sherrott,25,Male,Tampflex,2008,6684883108,Overhold,gsherrottnk@goo.ne.jp,zS5=+bHQFzV#
581,Desirae,Bener,23,Agender,Overhold,1999,7433415205,Fix San,dbenernl@constantcontact.com,iE4\9y*W&BJll
80,Jenna,Breede,35,Female,Namfix,1998,3807617097,Greenlam,jbreedenm@fema.gov,hU0(~WRYaI.
223,Shelley,Garrud,27,Female,Kanlam,2003,4623870045,Toughjoyfax,sgarrudnn@meetup.com,rR3{.kW`5>fl4.r
285,Melinde,Urien,26,Female,Cookley,2003,7825764283,Job,murienno@booking.com,bH1!XY!k=F@
225,Mara,Farran,29,Polygender,Alphazap,2006,5569505453,Tempsoft,mfarrannp@cmu.edu,wJ3@UoVb
351,Domini,Newport,24,Female,Job,1985,6824908958,Aerified,dnewportnq@behance.net,yR5$1q}%&
676,Marilyn,Channon,33,Female,Lotlux,2012,1298258279,Overhold,mchannonnr@spotify.com,wZ7|I_fzkl*2'
200,Essa,Bril,33,Female,Opela,1996,1288439493,Rank,ebrilns@thetimes.co.uk,hG1~G?HZj
650,Corrianne,Matfield,35,Genderqueer,Y-find,2000,7189096442,Pannier,cmatfieldnt@japanpost.jp,dB1)HiS4{{x
674,Nathan,Tugman,34,Male,Otcom,2002,5724443827,Mat Lam Tam,ntugmannu@sbwire.com,"sU2,2DP2c"
650,Golda,Gorch,22,Female,Cardguard,1992,3363875362,Lotlux,ggorchnv@discovery.com,bI6|Mf6cEKnvFHT
756,Terese,Attwater,25,Female,Gembucket,2001,6627656351,Ventosanzap,tattwaternw@vimeo.com,mO3_V124@Z#
943,Emily,Gates,23,Female,It,1988,3362973906,Mat Lam Tam,egatesnx@va.gov,zM3=\/(OoC1
138,Michel,Izachik,32,Female,Zathin,2007,8724505223,Bitchip,mizachikny@mac.com,wP4@?3Tut!
432,Benn,Stobart,30,Male,Lotstring,2004,1575400875,Hatity,bstobartnz@smugmug.com,"bU9<Yy\,$'>2|iB"
925,Filberte,Hablot,32,Male,Tresom,2006,8291974517,Overhold,fhabloto0@topsy.com,bP4_LN\r59
40,Mac,Smallman,33,Male,Flexidy,1993,9775589683,Regrant,msmallmano1@wp.com,sA0#xM.bbZR=LPg$
456,Iolande,Hinemoor,29,Female,Quo Lux,1997,6355724625,Y-find,ihinemooro2@i2i.jp,"jC9""9'Go#F,"
452,Yvon,Hamblin,24,Male,Holdlamis,2004,1397179282,Sonair,yhamblino3@indiatimes.com,"bS1_.X""1C""8"
431,Temple,Begley,28,Male,Voyatouch,2010,6138809535,Sub-Ex,tbegleyo4@businessinsider.com,lR8<Yld5z$
151,Babs,Bambery,31,Female,Zoolab,1988,1079684406,Regrant,bbamberyo5@dell.com,"xZ8""hluIGg3&""=p"
895,Bonnee,Cubuzzi,27,Female,Duobam,2011,1482829749,Sonsing,bcubuzzio6@gov.uk,iD5/F8HH
484,Suki,Dowsett,33,Female,Sonsing,1984,6934492585,Y-find,sdowsetto7@unicef.org,gV9_{9/&=35
35,Ninette,Heaford,22,Female,Voltsillam,1993,8737175267,Latlux,nheafordo8@google.com,zI5@S`692q
991,Holly-anne,Wilcott,25,Female,Sonsing,1994,7695989425,Lotlux,hwilcotto9@weibo.com,fR1@o73jk/YY
30,Elly,Andriveau,32,Female,Stim,2001,3045901881,Stronghold,eandriveauoa@1688.com,vB1}OjJPgEWt7\p
169,Marlie,McCaughan,23,Female,Ventosanzap,1991,1042984326,Quo Lux,mmccaughanob@com.com,yI0*J60j
70,Judon,Vedeshkin,27,Male,Cardify,2010,5343032332,Fix San,jvedeshkinoc@psu.edu,"lS9!#_,5f"
348,Carlota,Drain,24,Female,Zontrax,2010,4236810652,Keylex,cdrainod@admin.ch,"aE3~,LO7"
68,Bibby,Lohoar,28,Female,Bigtax,1959,1822981331,Y-find,blohoaroe@tripadvisor.com,eA3*T|WD_rj
152,Rodrick,Pritchard,24,Male,Cookley,1995,8389183756,Stringtough,rpritchardof@paypal.com,mX7<rGYOPa~gWiq
787,Isaak,Dumsday,23,Male,Lotstring,2001,9196207453,Tresom,idumsdayog@php.net,iI2%n|p3U
561,Norman,Levensky,31,Male,Tempsoft,2007,3008531954,Bamity,nlevenskyoh@odnoklassniki.ru,uS2={I2#%\Q
882,Emmi,Killner,22,Female,Biodex,2009,3508961746,Y-Solowarm,ekillneroi@blogtalkradio.com,zS3$M`LV+&e'Y3B
488,Mickie,Bernier,27,Male,Trippledex,2008,3252096493,Keylex,mbernieroj@slideshare.net,uS0(s_lK+u
579,Charmion,Snodin,32,Female,Otcom,2005,6017667355,Cardguard,csnodinok@ow.ly,nI5&dBUTOo
64,Larina,MacDuffie,28,Female,Span,1996,7225067753,Sonair,lmacduffieol@dmoz.org,rB5$tI?5IYarfH
437,Courtney,Petheridge,32,Bigender,Zoolab,2000,8854916353,Quo Lux,cpetheridgeom@blinklist.com,eY6&VclY~
721,Son,Fautley,26,Male,Lotstring,1986,5139765346,Zathin,sfautleyon@squidoo.com,zQ9_5TN#_NFcg
68,Pip,Squirrel,31,Male,Voyatouch,2011,7842765868,Y-Solowarm,psquirreloo@ucsd.edu,"wL3,LEDU"
374,Karl,Gallardo,34,Polygender,Home Ing,2002,5967485404,Alphazap,kgallardoop@deliciousdays.com,dI6?%rr1jpGej#.X
34,Fay,Sedworth,23,Female,Zaam-Dox,2006,1722624217,Biodex,fsedworthoq@reddit.com,cU9%HP6e@XYLV2
707,Maurits,Gliddon,31,Male,Aerified,1987,9713487426,Veribet,mgliddonor@t-online.de,wD0.'#vh|Sr2C0
226,Calla,Bonniface,24,Female,Holdlamis,1978,7484162532,Subin,cbonnifaceos@google.nl,xT6{@'VWVg{h7!8*
83,Hattie,Minico,25,Female,Zathin,2007,3779495759,Transcof,hminicoot@wiley.com,fN1`xZ3V8Q@
578,Duffy,Bern,25,Male,Otcom,2005,7277677871,Voltsillam,dbernou@wix.com,fP8$2prN
693,Hattie,Denyakin,32,Female,Sonsing,1992,7845420285,Namfix,hdenyakinov@mediafire.com,hJ1$'Ovo<W
398,Gerti,Louisot,23,Female,Tres-Zap,2006,9142138708,Regrant,glouisotow@360.cn,jD8\}nY/8YbST@&
386,Cecilia,Ferreres,29,Female,Zathin,1985,5437283223,Aerified,cferreresox@berkeley.edu,"oT6,6Q~OsaPDF"
226,Bethany,Ship,34,Female,Ventosanzap,1984,3957467571,Cardify,bshipoy@google.fr,"mU9(Z}P,i%c1b"
94,Ellsworth,Gloster,30,Male,Aerified,1993,4859889568,Home Ing,eglosteroz@xinhuanet.com,"cG8_2`""`AVmao2y"
105,Leora,Troake,31,Female,Andalax,1984,7802829509,It,ltroakep0@dmoz.org,qE9@rFv{cv6FD}3n
26,Lauren,Degenhardt,28,Male,Voyatouch,2009,6495819696,Alphazap,ldegenhardtp1@bravesites.com,lE5`Rh\v_
142,Sherman,Badwick,34,Male,Gembucket,2012,4797201901,Temp,sbadwickp2@vimeo.com,vN6%OE!vCqv5
175,Karla,Kolakowski,28,Female,Quo Lux,2003,9645140343,Ventosanzap,kkolakowskip3@storify.com,"rQ8/,a8#"
948,Rubin,Bohden,33,Male,Bigtax,1994,8265851627,Ronstring,rbohdenp4@newsvine.com,fJ7/CIHWhk#(gQy3
358,Vanessa,Meardon,30,Female,Vagram,2001,8505146621,Zoolab,vmeardonp5@icq.com,"yK9},x6u_"
323,Trudie,Hazeman,25,Bigender,Asoka,1998,5086264651,Solarbreeze,thazemanp6@icio.us,uZ6<r//7uTZ9(z
910,Asher,Denyukhin,25,Male,Holdlamis,1996,2041519788,Duobam,adenyukhinp7@upenn.edu,rP8|P<i5Lv?cI/
565,Timothea,Eayres,32,Female,Wrapsafe,1998,5207857711,Tres-Zap,teayresp8@over-blog.com,jL9`*Sx{%ZnLKxs
849,Lorna,Phorsby,29,Female,Voyatouch,2010,1251740261,Daltfresh,lphorsbyp9@mapy.cz,mQ1_%BB&E~ktI
822,Thomasina,Audus,27,Female,Lotlux,2011,4518215649,Ronstring,tauduspa@gov.uk,kY1{H>P@~|LvvH.+
952,Josiah,Valois,34,Male,Alpha,1973,1115638854,Voltsillam,jvaloispb@microsoft.com,dF2{h`UPxmBc
674,Morissa,Horrell,31,Polygender,Job,2009,4336869134,Bamity,mhorrellpc@printfriendly.com,aI8(%<>~B
241,Dynah,Wibberley,24,Genderqueer,Quo Lux,2002,8904584815,Namfix,dwibberleypd@telegraph.co.uk,cQ1/xxq%
118,Berton,Athowe,34,Male,Sub-Ex,1985,8182598307,Zoolab,bathowepe@vimeo.com,"cW2%*XV},S'"
795,Ruthie,Knottley,24,Female,Cardify,2012,9665654671,Konklab,rknottleypf@indiatimes.com,wF9+B$asT3gn&
246,Olga,Cranshaw,26,Female,Keylex,1997,6875485629,Konklab,ocranshawpg@ehow.com,"zN6,`?6=""+p9"
545,Zola,Orman,30,Female,Home Ing,1996,4881645146,Tresom,zormanph@feedburner.com,"jD0\d""Z1esxmW"
489,Winni,Leebeter,34,Female,Fix San,1995,9619530925,Bitwolf,wleebeterpi@xinhuanet.com,"hO3*Zv~Ot`bN"""
531,Lindsey,Whitehorn,26,Male,Mat Lam Tam,1994,5385922144,It,lwhitehornpj@ycombinator.com,pM7<XsGo.
73,Delcina,Riveles,22,Female,Prodder,1993,6068951760,Duobam,drivelespk@usgs.gov,"dR8}R3""4vZ)\9TZ"
689,Kelly,Leebetter,27,Female,Tresom,2007,8612587781,Fixflex,kleebetterpl@meetup.com,oX9(*|`P
455,Boone,Clifforth,25,Male,Zathin,1992,9614303949,Andalax,bclifforthpm@disqus.com,xW9(4daQ
288,Revkah,Bass,26,Female,Keylex,2008,1997399014,Daltfresh,rbasspn@fastcompany.com,"gZ4%,Way"
870,Hart,Udey,32,Male,Bamity,2007,8181611705,Latlux,hudeypo@cnet.com,wJ3`d_2b
839,Griz,Gadsdon,32,Genderfluid,Andalax,2002,4308312726,Zontrax,ggadsdonpp@amazon.co.uk,kP6#ERJW?N#Z(1/
185,Mac,McDonald,35,Male,Namfix,1993,4743779668,Regrant,mmcdonaldpq@smugmug.com,"qD6~Cm2)4hf""OG"
843,Wade,Cotilard,28,Bigender,Quo Lux,2010,9073005187,Transcof,wcotilardpr@hao123.com,hA5#FOt*>PfzW
994,Aimil,Marjoribanks,29,Female,Vagram,1999,9346314884,Mat Lam Tam,amarjoribanksps@hugedomains.com,rW4(<Xl&!A+.
613,Wainwright,Klaffs,35,Male,Biodex,1995,9226472070,Sub-Ex,wklaffspt@smugmug.com,"zZ4,qtP_(t)z"
438,Tedda,Book,28,Female,Transcof,1998,7178588195,Biodex,tbookpu@goodreads.com,dW7{t/sVF
403,Modestine,Lewinton,27,Female,Alphazap,2011,4893515943,Cardify,mlewintonpv@alibaba.com,qL1/pPZZ
156,Robers,Jouandet,35,Male,Subin,2001,5814560818,Mat Lam Tam,rjouandetpw@bravesites.com,pT3)fXvAs
19,Diego,Blaxter,28,Male,Zamit,1977,4155732397,Flexidy,dblaxterpx@constantcontact.com,dJ2>0oGTZS
465,Basil,Lettice,31,Male,Solarbreeze,2002,2589957928,Zoolab,bletticepy@shutterfly.com,qJ0~uZ__*
2,Bobette,Pellatt,23,Female,Ventosanzap,1999,5819301604,Aerified,bpellattpz@hugedomains.com,"bS2=o0.Fk{',E%"
465,Conant,Blasing,25,Male,Alphazap,2005,4152338186,Treeflex,cblasingq0@slideshare.net,tW9|6)YJNMA*5
307,Henrieta,Golsworthy,23,Female,Toughjoyfax,1985,1136321169,Voltsillam,hgolsworthyq1@dmoz.org,oD3)qNCQ
257,Ryan,Telfer,24,Male,Treeflex,1994,5121793783,Redhold,rtelferq2@wisc.edu,"zQ3"",qo#6z`\"
876,Izzy,Straun,35,Male,Temp,1984,1138334141,Fix San,istraunq3@bandcamp.com,"cW3*jT13,x(I"
800,Hyacinthe,Ferris,29,Female,Konklux,2009,2196854630,Bytecard,hferrisq4@princeton.edu,xV4`H3zAV3X=sL
595,Valery,Lockyer,29,Female,Bamity,2011,8426248361,Zoolab,vlockyerq5@princeton.edu,fU4`e.w7qa0Bx
930,Kimble,Matussow,23,Male,Daltfresh,1995,7169906169,Subin,kmatussowq6@surveymonkey.com,kH0``WWWGox0S
872,Jo,Taffie,31,Male,Matsoft,2002,2329334216,Hatity,jtaffieq7@nps.gov,bS0!AYd/?P7l5y~
858,Harv,Crush,27,Male,Solarbreeze,1986,5464803207,Transcof,hcrushq8@creativecommons.org,pU0*5|<R{E
947,Kendal,Dounbare,26,Male,Redhold,2006,2631572382,Bamity,kdounbareq9@omniture.com,"kH6,o$`X"
724,Torin,Gilluley,27,Male,Tresom,1985,7483580533,Zamit,tgilluleyqa@w3.org,aH3#6nk|&}U!
969,Tobey,Harnett,27,Female,Greenlam,1997,5585489574,Holdlamis,tharnettqb@nih.gov,yY9/fT>$X
713,Tessy,Casero,22,Female,Fixflex,1997,2699673096,Flexidy,tcaseroqc@bloomberg.com,wJ5*e<?5
244,Shaine,Brusin,24,Male,Biodex,2007,1778680321,Y-find,sbrusinqd@chicagotribune.com,cU5!fg&H`&78
328,Francisca,Veazey,30,Female,Overhold,2005,3771132390,Otcom,fveazeyqe@gravatar.com,vA7<Tgt0q
745,Elsey,Ferri,30,Female,Alphazap,1988,9219775222,Pannier,eferriqf@cam.ac.uk,"vD8""Qe|h"
327,Lowe,Sang,26,Male,Stim,2013,4849131176,Keylex,lsangqg@youtu.be,nG1/bvL1<S~34T
123,Ev,Margett,23,Male,Otcom,2011,2046679914,Gembucket,emargettqh@simplemachines.org,kG0+2B\)A
513,Hinze,Beese,23,Male,Redhold,2000,3186906911,Asoka,hbeeseqi@cmu.edu,jN0*OU#T.vJ
540,Noe,Hartil,22,Male,Matsoft,2010,2648261573,Rank,nhartilqj@oaic.gov.au,pQ1)qE!8_G
769,Nicolas,Northing,24,Male,Y-find,1960,6809018232,Bamity,nnorthingqk@wix.com,"qG3!c""'k>gN8%No4"
802,Birdie,Maccrea,32,Female,Voltsillam,1986,6095063786,Bamity,bmaccreaql@technorati.com,mC8\ZB7Q$(jv|
340,Herrick,Skiggs,31,Male,Mat Lam Tam,1987,8049083862,Holdlamis,hskiggsqm@jalbum.net,oE0<l'OXLMjrSS
128,Kile,Baish,29,Male,Viva,2004,1477361073,Matsoft,kbaishqn@oakley.com,"pW9,x>T6rldKG"
521,Fonzie,Whittles,34,Male,Tresom,1999,3837301671,Duobam,fwhittlesqo@arstechnica.com,"jY8""b@mgQni4QY"
495,Tonie,Murdoch,30,Female,Overhold,2008,4902661913,Duobam,tmurdochqp@feedburner.com,"cC0*M.,Kv9"
232,Phedra,Alywin,32,Female,Vagram,2009,7803558478,Otcom,palywinqq@economist.com,bD5?aQkv~y/
817,Dre,Gorries,29,Genderfluid,Home Ing,2012,2594482822,Bitchip,dgorriesqr@blinklist.com,sR4|TrHhIC
600,Creigh,Sheppard,23,Male,Span,1991,8054395685,Hatity,csheppardqs@cpanel.net,yA6*#F}A|bSy
824,Hill,Jacob,28,Male,Stim,2006,6898233463,Kanlam,hjacobqt@dagondesign.com,"sF2?gz.f""?}!Tpw"
909,Clotilda,Matyushenko,33,Female,Regrant,2011,9508738419,Zontrax,cmatyushenkoqu@hexun.com,xA6%%zq_
672,Dolly,Craydon,24,Female,Trippledex,1994,2699517778,Bytecard,dcraydonqv@drupal.org,gS7}E@n|E.
38,Brunhilde,Sussams,24,Female,Sub-Ex,2006,1521574284,Lotlux,bsussamsqw@pen.io,zJ6/)o*j{z_w>I
87,Toiboid,Lippini,33,Male,Konklux,1993,8813010279,Fix San,tlippiniqx@biblegateway.com,pE7&2?Bl7e4@o
442,Brook,Boullen,28,Male,Voyatouch,2006,2892635766,Y-find,bboullenqy@baidu.com,cS7#AN_M/!Kfu5D
479,Lionel,Laxtonne,26,Male,Trippledex,2007,7792193947,Zaam-Dox,llaxtonneqz@issuu.com,eU2*0)$eZ<
662,Sissie,Climpson,27,Genderqueer,Bigtax,1993,7494790466,Lotlux,sclimpsonr0@wiley.com,xK0*h%G{
165,Wiatt,Kerrich,23,Male,Ronstring,2003,1685301745,Zathin,wkerrichr1@mlb.com,dR5&>QM'm'
418,Melony,Imore,27,Female,Zamit,2008,2513619980,Voyatouch,mimorer2@edublogs.org,"vW9(,l+DN1(E=V"
948,Merla,Franzel,27,Female,Temp,2011,6527247138,Tampflex,mfranzelr3@devhub.com,"nZ1,Xt\q>d`<FU?"
311,Thorny,Traviss,34,Male,Veribet,2008,5496737281,Alpha,ttravissr4@surveymonkey.com,uB9!C$R.l
156,Minette,Ferrant,25,Female,Latlux,1995,2934747571,Stringtough,mferrantr5@google.nl,"zH1{_,(AP!"
768,Rolland,Meedendorpe,30,Male,Asoka,1993,3046668705,Zamit,rmeedendorper6@google.com,"mQ4<',JTKV"
569,Goraud,Vargas,24,Male,Hatity,1987,3341504754,Duobam,gvargasr7@tamu.edu,iS0~S=sQpZ5x
926,Karmen,Vollam,29,Female,Matsoft,2003,5734204707,Konklab,kvollamr8@hibu.com,nG5.qjnL5r
519,Madelyn,Duddin,33,Female,Cardify,2006,8731161427,Bytecard,mduddinr9@huffingtonpost.com,"sW6?H7LY$3P`,"
470,Michel,Robbs,32,Non-binary,Zamit,2009,7567895959,Sonsing,mrobbsra@eepurl.com,"hQ3=B')J`\V"""
580,Emmalynn,Schirok,31,Female,Bigtax,2002,2484300287,Zontrax,eschirokrb@ed.gov,aI4|~GCj>
865,Vinnie,Giacomasso,27,Male,Y-find,2004,2023054120,Cookley,vgiacomassorc@dedecms.com,dM9&~{}V8
188,Kessia,Kerbey,24,Female,Temp,2006,8208939798,Lotlux,kkerbeyrd@bizjournals.com,hF7.@kioD
127,Talbert,Reilinger,24,Male,Stronghold,2008,7796777873,Zaam-Dox,treilingerre@go.com,sN5\kfii
343,Jere,Speares,26,Female,Redhold,1993,1987328754,Veribet,jspearesrf@blogger.com,aQ1}Z$.cvA0a3O
629,Franklin,Bardwell,35,Male,Latlux,2010,4394083017,Transcof,fbardwellrg@ft.com,"lK5`""xP#""b*"
273,Lucas,Ewart,35,Male,Mat Lam Tam,2004,1304785654,Temp,lewartrh@mtv.com,"wO5,BOCvGh8'j"
844,Nicoline,Diano,24,Female,Transcof,1995,8841296504,Rank,ndianori@hao123.com,eA2%GGE4
929,Gayle,Pfiffer,29,Male,Voltsillam,2012,4819092197,Tin,gpfifferrj@netvibes.com,"bS2_wlW(P,wx"
873,Nessa,Guerrieri,27,Female,Tempsoft,2007,8598625042,Sonair,nguerrierirk@bloomberg.com,qM9{'yPp3%MbhSGn
977,Di,Robeiro,31,Female,Voyatouch,1993,7686377962,Zontrax,drobeirorl@samsung.com,kN4\Tx\Q*&Bm
564,Gilda,Votier,33,Female,Fintone,2003,1158504911,Latlux,gvotierrm@ed.gov,wD1~a$/Oo$b
818,Thaddus,Haines,22,Male,Bigtax,1994,6876389209,Tempsoft,thainesrn@flickr.com,xM4/f(C'
466,Mab,Etienne,35,Female,Job,2008,3375824703,Bitwolf,metiennero@hc360.com,rT0.)xU1
834,Enrico,Shutler,31,Bigender,Flowdesk,1990,4648086983,Holdlamis,eshutlerrp@virginia.edu,jS2~p{?lo*o
729,Bernarr,Paoletto,28,Male,Transcof,2007,1279757183,Tampflex,bpaolettorq@mail.ru,yP9|%Sl$Ia~Y
722,Waylon,Smitherham,28,Male,Otcom,2010,5056314813,Toughjoyfax,wsmitherhamrr@hugedomains.com,"nA6),eEsvdH"
